price1,price2,price3,price4,price5,price6,price7,price8,price9,price10,price11,price12,price13,price14,price15,price16,price17,price18,price19,price20,price21,price22,price23,price24,price25,price26,price27,price28,price29,price30,low_media,low_media_iter2,low_media_iter3,low_delta,high_media,high_media_iter2,high_media_iter3,high_delta,subida_exa,subida_exa_index
27099.98,27043.69,27046.19,27055.01,27037.33,26970.9,26966.85,27007.87,27034.33,27052.22,27083.79,27094.1,27020.69,27012.11,26975.44,26968.44,27041.03,27023.42,27007.48,27005,27000,27049.28,27023.69,27018.71,27095.41,27098.67,27115.03,27105.7,27097.28,27186.84,26715.8,26757.2,26793.1,26694.9,27092.4,27084.3,27080.7,26941.1,1,11
27249.83,27245.68,27230,27221.42,27185.51,27264.37,27281.3,27264.18,27252.59,27327.55,27308.4,27377.78,27415.99,27405,27342.21,27358.07,27344.25,27383.87,27366.01,27367.7,27337,27319.82,27350,27362.48,27366.99,27393.45,27403.8,27441.28,27434,27393.22,26782.8,26853.3,26900.7,26945.5,27208.2,27196.6,27191.1,27190.6,1,5
27124.89,27140.88,27200,27201.99,27227.85,27216.38,27220.55,27233.99,27227.73,27199.75,27201.04,27188.97,27196.28,27193.49,27192.31,27160.79,27162.32,27148.09,27153.49,27162.69,27140.37,27142,27127.29,27130.77,27139.22,27124.85,27150.35,27169.81,27140.96,27153.75,26906.5,26963.7,26994.3,26919.2,27177.7,27162.6,27156.3,27165.4,1,2
26610.82,26626.51,26601.96,26644.08,26648.66,26698.24,26742.72,26774.25,26802.19,26833.79,26801.07,26807.82,26791.44,26802.31,26780.31,26754.5,26765.1,26747.18,26815.14,26770.83,26794.68,26779.06,26779.99,26771.06,26779.9,26782.53,26795.52,26793.69,26848.28,26844.68,26527.8,26570,26596.9,26505.5,26729.6,26696.8,26668.7,26759.7,1,7
26761.67,26769.73,26789.35,26798.56,26813.24,26834.76,26820.12,26777.93,26796.47,26800.28,26772.75,26770.29,26796.77,26797.8,26797.54,26777.74,26763.87,26752.66,26747.08,26746.62,26721.49,26755.17,26725.4,26699.54,26669.73,26671.33,26692.13,26689.39,26684.99,26633.83,26579.2,26638.4,26652,26698,26804.1,26782.1,26763.3,26958.7,1,4
26448.71,26453.29,26442.1,26434.89,26451.44,26538.37,26527.99,26556.18,26566.54,26556.22,26544.29,26543.71,26546.26,26538.26,26535.51,26557.61,26528.35,26537.73,26538.46,26542.77,26534.57,26499.06,26467.32,26504.65,26500.44,26571.61,26586.11,26609.72,26621.46,26608.1,26177.9,26271.1,26314.3,26343.6,26551.7,26483.9,26461.2,26574.8,1,7
27453.94,27599.99,27562.69,27539.99,27447.47,27451.8,27438.15,27441.83,27517.42,27544.31,27516.35,27517.43,27556.4,27582.45,27684.73,27721.69,27727.36,27742.64,27704.47,27716.53,27780.35,27776.99,27767.55,27736.04,27804,27748.43,27705.25,27725.62,27744.63,27739.59,26920.5,27127.8,27152.7,27079.4,27464.1,27448,27441.3,27316.2,1,8
28110,28197,28174.74,28166.43,28173.5,28146.49,28118.77,28082.51,28018.51,27919.27,27893.03,27847.9,27904.8,27800.34,27795.87,27804.54,27777.9,27833.02,27827.29,27802.43,27839.59,27879.58,27855.7,27851.44,27804.82,27848,27888.19,27897.36,27906.79,27870.24,27888.3,27967.4,28022.4,27845.7,28186.1,28143.3,28119.5,28109.6,1,1
28893.91,28979.99,28970.25,29075.01,29127.99,29120.66,29076.06,29105.93,29144.4,29163.03,29179.56,29206.58,29230.48,29248.31,29240.28,29188.33,29220.55,29249.84,29286.35,29293.14,29263.99,29233.14,29255.56,29204.24,29147.14,29167.44,29239.99,29234.31,29207.84,29203.78,28713,28778.5,28820.8,28691.7,28963.7,28935.4,28919.7,28950,1,1
28944.14,28962.73,28949.22,28958.14,28987.69,29004.71,29009.49,29020.85,29034.89,29100,29223.47,29142.78,29189.98,29160.17,29133.3,29133.23,29140.02,29154.97,29156.2,29169.87,29174.5,29226,29214.28,29245.25,29208.84,29215.45,29196.1,29154.84,29179.4,29243.61,28775.1,28807.6,28830.9,28751,29066,29042.6,29023.1,29033.7,1,9
28966.2,29033.43,29079,29119.41,29090.01,29125.27,29107.41,29071.99,29066.7,29068.16,29095.56,29054.78,29079.75,29101.67,29088.98,29076.38,29064.61,29093.76,29127.26,29140,29156.31,29096.43,29108.82,29114.39,29111.9,29076.9,29056.79,29073.05,29102.85,29084.56,28822.8,28884.9,28916.9,28701.5,29110.4,29069.9,29041.3,28989.9,1,3
28923.2,28902.61,28906.33,28897.87,28886.03,28894.15,28916.57,28916.32,28933.76,28968.69,28975.17,28984.37,28983.29,28967.1,28904.1,28894.14,28914.47,28900,28918.39,28904.97,28879.65,28890.61,28909.39,28922.09,28917.44,28891.94,28898.36,28891.69,28886.6,28876.11,28713.9,28784.2,28813.8,28770.4,28957.1,28940.4,28928.9,29063.7,1,9
29057.05,29059.85,29097.76,29100.03,29109.95,29119,29132.5,29140.23,29119.4,29123.09,29126.72,29134.73,29110.47,29118.75,29119,29088.28,29084.7,29090.56,29096.28,29109.24,29103.34,29118.96,29127.01,29113.24,29120.45,29127.08,29137.62,29139.53,29100.84,29059.99,28711.2,28748.7,28774.9,28855.3,29095.3,29079.2,29071.7,29133.5,1,2
28972.26,28998.94,28988.15,29056.95,29089.33,29089.99,29069.71,29134.45,29117.2,29155.85,29193.47,29239.21,29246.28,29382.59,29357.15,29335.51,29301.82,29321.53,29272.51,29339.43,29318.6,29285.7,29298.31,29331.74,29314.61,29308.47,29320.54,29368.47,29385.39,29448.99,28828.4,28862.2,28885.2,28756.4,29044.6,29020.8,29007.5,28988.2,1,3
29200.2,29238.5,29240.01,29215.88,29237.89,29258.63,29256.65,29224.75,29243.05,29330.99,29321.14,29292.54,29277,29276.99,29279.79,29264.11,29274.83,29281.99,29273,29247.07,29249.25,29260.84,29295.38,29311.35,29302.87,29320.3,29310.6,29292.21,29278.4,29321.85,28578.1,29033,29080.2,29116.1,29328,29281.2,29251,29340.1,1,9
29217.96,29219.34,29234.24,29245.89,29252.73,29234.43,29235.93,29228.86,29216.41,29221.57,29227.54,29233.52,29212.76,29213.25,29207.3,29207.02,29182.25,29189.45,29166.13,29186.87,29195.21,29185.02,29155.01,29158.95,29148.22,29130.09,29149.75,29138.99,29100,29147,29068.6,29116,29144.7,29042,29252.2,29228.5,29219.3,29256.8,1,4
29189.01,29222.73,29231.73,29222.08,29181.01,29172.16,29186.33,29187.55,29226.94,29299.99,29291.07,29297.04,29268.58,29278.66,29291.28,29295.4,29319.2,29295.97,29293.99,29280.01,29251.48,29256.25,29238.1,29229.38,29238.79,29237.21,29242.43,29282.23,29221.71,29238.99,29055.1,29114.9,29143.5,29082.3,29288.4,29246.7,29225.9,29291.5,1,9
29237.13,29232.67,29220,29223.76,29242.65,29242.46,29254.99,29249.8,29280.89,29309.46,29286.75,29277.71,29265.29,29266.48,29267.21,29265.57,29232.36,29223.18,29266.99,29289.69,29270.86,29256.2,29270.15,29251.24,29253.36,29257.19,29231.87,29247.73,29223.82,29234.61,29096.2,29122.1,29137.2,29086.6,29295.5,29271.3,29259.1,29296.8,1,9
29288.94,29277.02,29258.21,29241.86,29250.54,29279.88,29285.8,29329.07,29300.75,29299.01,29297.82,29294.15,29308.8,29299.17,29291.7,29263.51,29296.69,29289.66,29303.98,29325.28,29339.42,29330.62,29343.18,29341.98,29353.18,29355.41,29365.94,29324.88,29366.35,29400.87,29084.3,29111.7,29129.7,29126.2,29273.8,29257.1,29247.4,29316.5,1,5
29502.81,29485.49,29507.12,29502.2,29518.23,29518.07,29519.29,29555,29554.16,29549.99,29563.52,29588.66,29588,29640.65,29587.73,29579.99,29581.65,29586.85,29598.07,29576.51,29575.52,29589.63,29583.03,29619.54,29590.01,29620.19,29649.93,29628.04,29659.47,29648.42,29342.6,29453.7,29510.2,29425.5,29571.7,29556.6,29550,29569.5,1,11
29764.02,29769.95,29793.54,29785,29809.72,29808.81,29833.85,29826.03,29841,29838.86,29842.97,29881.32,29879.92,29880.16,29895.95,29933,29814.41,29844.14,29916.01,30099.01,30218.76,30269.04,30218.21,30263.46,30367.96,30407,30396.34,30274.34,30289.7,30385.32,29524.9,29589.7,29629.7,29574.6,29794.9,29780.9,29774.2,29744.2,1,4
30813.71,30844.3,30781.42,30770.61,30755.48,30816.49,31000,31120.45,31128.92,31322.25,31240.77,31309.83,31300,31278.54,31253.68,31127.95,31150.22,31208.99,31259.78,31249.99,31241.33,31323.01,31251.87,31226.59,31241.11,31260,31299.25,31332.93,31541.17,31459.45,30374.5,30583.2,30709.8,30519.4,31177,31003.1,30931.4,30766.5,1,9
33496.68,33468.04,33515.2,33553.07,33567.92,33508.19,33519.4,33447.63,33466.49,33473.55,33433.13,33442.07,33438.32,33452.11,33420.5,33397.01,33438.82,33449.02,33402.81,33370.73,33375.02,33332.99,33322.57,33337.92,33373.51,33348.37,33312.99,33286.52,33304.55,33264.99,33126.9,33203.2,33252.7,33017.3,33525.5,33506.9,33497.6,33524.6,1,3
31473.86,31461.89,31678.33,31724.71,31677.61,31714.73,31727.24,31741.53,31741.77,31719.97,31751.01,31838.19,31736.9,31675.39,31700.57,31667.85,31640.38,31689.37,31650.93,31653.19,31630.1,31670.38,31632.96,31644.94,31677.84,31638.03,31676.88,31702.16,31665.51,31813.45,31204.5,31348.2,31413.8,30769.6,31720.5,31623.3,31562.9,31600.1,1,3
31544.92,31503.52,31400,31487.96,31480.03,31498.93,31540.63,31517.41,31566.9,31649.91,31691.37,31742.09,31829.99,31929.71,31973.33,31912.71,31881.52,31917.49,31932.06,32000,32133.2,32114.04,32100.24,32072.89,32147.31,32100,32170.22,32216.58,32342.33,32259.95,31227.9,31327.7,31393.8,31198.2,31699,31630.4,31584.9,31693.2,1,11
31959.86,31888.97,31890.87,31815.7,31829.04,31884.02,31874.15,31899.99,32041.42,32130.44,32140.82,32207.44,32225.93,32203.44,32280,32426.82,32424.77,32525.01,32554.99,32501.14,32437.64,32533.47,32579.48,32600,32654.43,32545.6,32507.05,32478.21,32497.86,32440.82,31536.1,31669,31760.9,31924.4,32203.1,32140,32112.4,32347.9,1,11
32688.42,32715.62,32719.77,32736.77,32764.32,32844.14,32810.52,32775.99,32844.52,32989,32999.62,33064.33,33100,33132.77,33026.07,33010.33,33038.19,33067.21,33171.29,33103.25,33098.4,33082.13,33060.78,33051.63,32975.14,32970.47,33022.78,33040.16,33055.31,33014.07,32140.4,32229.1,32291.6,32158.2,32796.6,32782.3,32776.7,32588.3,1,5
33833.86,33935.88,33936.83,33969.99,33986.13,33953.98,34006.67,34052.95,33997.04,34048.95,34020.16,33990.51,33988.8,34006.87,34006.53,34061.69,34098.68,34116.39,34100.01,34103.74,34098.98,34007.77,33942.84,33921.04,33800.39,33837.99,33857.5,33904.05,33915.35,33908.62,33539,33624,33674.1,33453.9,33953.1,33899.5,33878.8,33944.5,1,3
34114.02,34137.47,34175.48,34166.6,34192.65,34142.58,34159,34248.18,34370.22,34441.98,34460,34497.35,34537.56,34584.92,34549.81,34586.26,34595.8,34556.45,34517.15,34577.22,34658.45,34674.01,34800,35150,35091.58,35190.25,35414.05,35703.08,35507.83,35530.37,33628.3,33669,33697,33521.4,34212,34206.8,34204,34002.3,1,7
34378.35,34429.99,34648.79,34695.73,34829.36,34858.6,34861.41,34872.63,34894.63,34919,34876.84,34884.61,34864.97,34958.43,34981.79,35084.24,35106.69,35122.56,35070.9,34957.92,34834.61,34765.99,34797.64,34829.66,34795.31,34848.73,34814.08,34782.53,34685.44,34750,34065.4,34197.4,34262.8,33896.6,34617.2,34510.1,34441.7,34479.5,1,2
34923.89,34926.75,35019.8,35002.62,34981.8,34997.02,34934.65,34931.28,34889.51,34953.27,34979.7,34997.46,34982.34,35045.31,34979.92,34940.6,34966.12,34962.67,34905.05,34946.64,34878.92,34866.37,34850,34861.89,34923.7,34869.46,34857.08,34865.54,34898.52,35013.87,34300.6,34361.7,34408.9,34289.2,35002.9,34983.5,34971.1,34827.9,1,2
35142.56,35206.98,35281.73,35426.32,35499.99,35487.02,35445.28,35521.7,35482.27,35553.79,35575.91,35540.37,35507.19,35556.26,35615.78,35521.84,35543.25,35465.77,35503.49,35526.64,35596.07,35617.04,35633.65,35632.49,35585.08,35643,35617.89,35641.34,35621.52,35689.3,34657.8,34766.4,34830.4,34766.9,35276.8,35240.2,35223.9,35214.8,1,2
36044.36,35924.7,35790.06,35819.23,35954.15,35916.69,35961.33,35905.81,35919.96,36081.19,36235.7,36381.29,36349.99,36292.02,36323.08,36310.81,36161.96,36160.36,36200,36024.99,35931.84,35856.9,36037.26,36098.59,36100,36084.12,36135.16,36127.69,36006.75,35986.67,34824.1,35282.8,35589.3,35064.7,36355.1,36237.8,36174.5,35614.1,1,11
36295.24,36267.79,36283.58,36355.13,36314,36332.54,36322.53,36273.49,36258.74,36387.44,36418.9,36608.46,36725,36713.41,36639.56,36598.17,36642.4,36731.45,36791.16,36800.1,36896.47,36919.99,36888.19,36733.26,36721.65,36783.32,36833.87,36817.22,36769.36,36880,35631,35815.3,35952.3,35705.9,36486.2,36407.9,36348.6,36282.1,1,11
39075.38,39078.13,39153.84,39147.76,39010.26,39116.75,39200,39350,39362.59,39500,39276.48,39250.01,39166.6,39056.47,39273.77,39346.97,39131.92,39202.12,39169.17,39067.63,39121.25,39176.75,39228.54,39256.66,39220.33,39304.42,39260.75,39254.43,39169.6,39172.36,38245.3,38357.8,38433.6,38118.1,39157,39121.9,39104.9,38588.4,1,7
39750,39759.98,39760.88,39805.89,39755.57,39774.03,39847.02,39899.99,39966,39982.85,39967.29,39940.68,39999.14,40200.21,40260.01,40287.61,40100,39716.49,39380.07,39461.36,39144.04,38558.73,38800,39094.67,39156.12,39476.93,39381.96,39280.61,39071.32,39121.01,39293.6,39455,39556.6,39539.5,39977.4,39874.3,39829.3,40018.2,1,9
38806.6,38923.7,38990.01,38905.86,38937.97,38903.16,38942.74,38888,38860,38906.91,38928.46,38909.13,38900.9,38873.52,39064.25,39088.6,39021.93,39051.61,39050.19,39033.9,38999.99,38953.27,38867.34,38860.36,38830,38774.31,38832.75,38872.11,38930.55,38946.86,38118.8,38318.4,38466.5,37961,38967.3,38907.3,38881.3,38723.9,1,2
38724.79,38829.67,38820.18,38855.23,38919.74,38968.02,38927.44,38827.11,38855.14,38856.56,38820.02,38847.01,38855.44,38849.95,38885.71,38903.24,38825.99,38899.94,38867.75,38900,38998.16,39095.55,39140,39241.72,39212.28,39268.69,39311.77,39311.66,39358.34,39259.21,38180.4,38313.4,38408.1,38282.2,38822.3,38756.8,38727.1,38992.3,1,1
39727.1,39796.04,39842.96,39919.99,40100,40167.21,40056.35,40153.99,40488.01,40790.55,40383.58,40475.58,40570.67,40606.9,40601.72,40757.62,40902.84,40993.34,40880.11,40902.62,40656.1,40659.96,40430,40565.49,40572.05,40749.63,40747.91,40675.76,40721.45,40512.03,38445,38886.2,39039.5,38839.4,39851.9,39825.8,39809.7,39563.2,1,3
41561.32,41810.29,41853.79,41865.99,41847.32,41802.1,41726.77,41847.59,41895,41735.32,41827.14,41748.56,41416.05,41077.01,41057.12,40718.97,40929.43,41057.15,41115.49,40919.01,41036.38,41288.95,41197.93,41227.97,41223.11,41001.56,40414.08,40531.66,40487.52,40695.1,41022.8,41203.3,41310.9,40929.2,41845.8,41714.8,41646.6,41632.5,1,2
40197.46,40187.11,40216.96,40189.15,40173.47,40217.84,40466.2,40543.28,40484.97,40441.42,40489.78,40421.47,40364.29,40410.15,40475.28,40441.65,40392.28,40410.95,40315.38,40373.5,40388.58,40340.13,40289.52,40269.15,40237.88,40274.93,40251.98,40296.22,40252.4,40140.66,39883.1,39988,40051.8,39762.8,40486.9,40338.5,40278.2,40452.6,1,7
40168.79,40200.51,40285.51,40389.67,40355.45,40421.17,40389.7,40450.41,40430.85,40424.94,40339.99,40366,40396.93,40323.13,40396.87,40370.37,40316.03,40368.5,40365.02,40333.2,40262.26,40237.99,40246.75,40241.18,40177.08,40187.93,40217.09,40227.15,40206.44,40027.19,39797.8,39955.4,40046.1,39839.1,40370.1,40270.1,40219.4,40464.3,1,3
41073.62,41055.49,41118.33,41303.27,41228.71,41219.95,41257.91,41289.96,41315.8,41352.22,41303.79,41301.09,41291.15,41282.95,41161.93,41115.5,41133.22,41195.79,41157.13,41049.44,41180,41125.53,41117.46,41092.06,41083,41059.96,41100.97,41058.81,41078.54,41077.18,40620.9,40779.9,40880.7,40657.4,41198.1,41139.2,41105.2,41246.5,1,3
34350.37,34350.37,34350.37,34350.37,34350.37,34350.37,34350.37,34350.37,34350.37,35528.12,35365.21,35252.81,35335.75,35329.19,35541.31,35591.89,35448.26,35440.78,35384.07,35265.28,35179.14,35329.99,35331.45,35249.92,35441.25,35324.64,35365.73,35293.26,35272.14,35420.15,33211,33776,34044.9,33049.4,34874.5,34652.4,34534.3,34248.3,1,9
35781.76,35861.78,36068.69,36200.61,36141.99,36280.32,36199.48,36256.62,36209.06,36209.19,36181.24,36147.6,36066.84,36181.44,36112.41,36133.3,36029.14,36013.24,35953.19,35900,35870.31,36050.26,35950.93,35835.93,35712.52,35722.92,35644.41,35599.01,35703.21,35777.36,34698.4,35041.4,35275.6,34606.2,36017.8,35861.9,35787.3,35860,1,2
32747.73,32929.63,32965.31,33094.27,33005.36,32905.09,33214.11,33360.87,33458.54,33441.71,33549.49,33413.38,33296.32,33028.88,32831.49,32845.41,32609.74,32535.71,32732.31,32938.83,32691.12,32706.57,32589.8,32470.22,32567.33,32710.57,32503.81,32694.6,32839.87,32966.44,30585.8,31107.4,31679.4,30787.9,33202.1,33031.8,32941.3,32030.8,1,9
34636.5,34460.07,34428.4,34379.8,34456.35,34316.3,34279.11,34411.71,34643.26,34560,34660.99,34567.48,34380.7,34481.43,34552.68,34521.28,34317.16,34155.12,34234.47,34196.79,34263.13,34362.28,34264.62,34188.76,34253.88,34315.64,34413.37,34443.86,34359.07,34479.9,32697.7,33027.2,33156.6,33141.1,34587.9,34530.9,34502.9,34491.3,1,8
34915.46,34882.44,34970.95,34964.21,34860.19,34839.57,34996.62,34857.08,34858.31,35025.52,35049.07,35300,35243.5,35353.48,35334.04,35407.93,35401.48,35518.78,35511.04,35544.91,35553.48,35540,35562.31,35606.42,35522.02,35422.82,35499.83,35535.29,35404.47,35410.16,33201.2,33826.7,34026.1,33767.4,35195,35142.2,35120.9,35071,1,11
35184.9,35170.17,35132.65,35053.82,35046.42,35169.9,35265.51,35363.48,35374.31,35370.5,35422.99,35407.18,35291.86,35360.27,35204.42,35359.7,35443.42,35424.42,35390.83,35242.66,35204.77,35125.42,35059.39,35063.83,35073.58,35085.46,34932.54,34990.48,34965.04,34923.36,34078.1,34284.3,34394.7,34105.4,35283.8,35187,35137.6,35318.9,1,7
35945.37,36063.3,36010.93,36051.49,36034.01,35926.4,35799.04,35875.31,35851.81,35889.7,35807.42,35722.53,35761.29,35761.63,35842.61,35846.4,35864.32,35777.42,35835.68,36088.58,36118.15,36193.28,36139.95,36188.27,36126.36,36116.27,36130,36236.96,36222.71,36268.47,34968.7,35112.6,35184.4,34724,36041.6,35985.8,35945.4,35627.9,1,1
35902.92,35826.75,35900.95,35887.52,35961.84,35934.12,36058.99,36263.36,36244.99,36359.99,36431.21,36550,36529.54,36590.26,36473.75,36445.6,36482.92,36432.81,36456.57,36467.2,36516.8,36476.29,36393.21,36442.77,36502.99,36475.07,36437.97,36432.17,36413.6,36488.37,35374.5,35491.4,35554.7,35705.4,36021.3,35973.7,35949.7,36465.7,1,9
34790.87,34752.24,34657.81,34737.64,34739.94,34689.11,34722.81,34805.67,34698.61,34666.95,34798.97,34881.49,34896.7,34840.72,34964.55,35056.84,34955.21,34980.01,34989.07,34949.73,34860.09,34929.23,35050.43,35155.35,35103.81,35028.5,35026.19,34945.22,34986.9,34970.22,33405.2,33486.7,33539.5,33371.9,34757.8,34753.5,34752.1,34186.9,1,7
34476.01,34547.47,34617.5,34650.45,34701.23,34765.73,34734.39,34770.43,34821.91,34792.47,34883.63,34818.44,34831.93,34780.1,34866.04,34874.39,34925.37,34944.66,34961.96,34874.01,34910.75,34823.09,34737.62,34768.32,34754.94,34805.37,34838.35,34723.66,34759.78,35000,33676.6,33949.3,34127.9,34442.2,34676.2,34579.7,34529.1,35141.6,1,4
34811.55,34870.43,34983.62,35058,35210.01,35176.7,35245.5,35159.24,35072.76,34798.22,34708.79,34760,34662.58,34610.94,34574.73,34486.12,34610.22,34595.27,34578.25,34495.14,34410.7,34379.06,34316.58,34287.18,34362.38,34388.94,34415.18,34386.76,34385.48,34338.28,34435,34580.3,34670.1,34601.5,35017.3,34965,34936,35256.4,1,3
37805.73,37737.95,37717.58,37731.04,37784,37852.89,37934,37992.54,38083.88,38285.58,38349.63,38370,38333.33,38331.45,38368.18,38340.87,38294.36,38311.64,38311.53,38425,38490.21,38482.17,38458.99,38447.45,38411.23,38388.49,38458.3,38559.63,38557.99,38437.97,37428.4,37527.3,37591.5,37760.2,37881.1,37867.8,37862.5,38262.5,1,7
38852.84,38870.61,38880.1,38845.05,38806.29,38888.41,38916.87,39000,39188.25,39186.66,39176.39,39200.83,39244.71,39235.14,39208.45,39281.45,39353.73,39361.2,39295.52,39267.38,39192.29,39248.52,39262.39,39240.27,39200.01,39219.52,39152.09,39177.79,39260.9,39315.56,38355.1,38605.9,38738.7,38585,39135,39046.8,38994.3,39070,1,8
38645.66,38609.4,38608.93,38564.81,38570.97,38601.87,38630.73,38685.98,38767.36,38754.34,38730.01,38739.99,38704.14,38630,38579.08,38606.28,38570.01,38541.9,38516.41,38562.13,38551.47,38552.21,38560.01,38529.32,38491.8,38513.59,38494.72,38530.51,38577.7,38579.53,38174.4,38347.6,38403.5,38149.6,38735.3,38683.8,38661.2,38648.1,1,8
36722.41,36911.85,37157.64,37231.66,37414.79,37337.77,37330.79,37254.17,37441.78,37377.6,37342.71,37339.37,37314.96,37395.76,37292.92,37292.92,37297.87,37316.21,37224.11,37153.73,37218.3,37271.59,37320.76,37298.15,37286.29,37296.81,37352.68,37346.17,37464.3,37423.2,36321.6,36416.8,36506.2,36273.2,36946.1,36855.9,36805.7,36807.7,1,2
37263.78,37240.86,37258.86,37348.62,37508.74,37495.38,37662.55,37611.87,37563.72,37582.05,37552.44,37581.02,37495.43,37509.72,37587.87,37538.66,37600,37451.32,37437.03,37419.63,37431.18,37374.97,37401.87,37377.11,37462.72,37425.29,37407.12,37410.91,37461.99,37615.81,36742.9,36871.7,36954.6,37080.5,37340.2,37298.7,37272.5,37595.8,1,3
36128.96,36179.72,36352.77,36305.01,36316.98,36384.7,36357.76,36350.35,36384.31,36414.77,36371.94,36335.7,36299.1,36264.48,36249.25,36241.08,36296.26,36276.94,36216.02,36225.46,36232.37,36205.27,36188.29,36218.24,36134.89,36169.11,36170,36063.28,35994.98,35874.39,35525.1,35713,35865.6,35740.4,36275.9,36173.1,36137.6,36216.2,1,2
34835.15,34859.89,34860.02,34950,35098.01,35064.6,35093.29,35022.77,35009.89,34979.82,35005.27,35069.99,34972.65,34971.23,35076.85,34988.7,34946.72,34960.55,35023.38,34963.58,34999.49,35008.72,34998.95,34962.69,34908.31,34876.06,34853.04,34855.53,34879.76,34770.63,34177.1,34319.1,34477.8,34490.5,35090.7,34890.4,34839.4,34947,1,4
34959.05,34900.6,34813.28,34838.53,34980.17,35144.68,35162.67,35234.14,35224.83,35210.79,35204.25,35269.91,35270,35284.67,35248.36,35222.23,35254.33,35239.89,35367.97,35332.41,35297.75,35250.21,35275.04,35319.23,35329.01,35300,35299.11,35254.37,35267.17,35279.13,34231.9,34487.9,34658.5,34532.4,35201.2,35081.2,35030.3,35017.1,1,7
34786.57,34852.85,34872.32,34875.88,34990.04,34950,34982.2,35067.13,35205.16,35291.17,35387.36,35369.99,35432.14,35404.3,35592.19,35691.96,35735.29,35622.51,35716.32,35700.51,35839.86,35786.6,35803.04,35761.71,35828.49,35767.01,35718.91,35680.55,35837.1,35763.11,34684.8,34754.3,34787.8,34596.6,35271.9,35114.4,35002.3,35151.1,1,9
36012.15,36011.02,36049.45,36093.72,36066.85,36019.49,36018.97,35978.32,35981.26,35985.6,35895.08,35905.79,35875.45,35886.76,35895,35902.71,35971.74,36010.81,35975.01,35991.99,35991.11,36050.95,36040,36040.01,35965.57,35938.64,35867.6,35852.19,35864.97,35844.09,35185.2,35570.5,35731.2,35705.4,36083.2,36041.9,36022.3,36268.5,1,3
35857.42,35798.29,35807.19,35926.48,35899.95,35870.23,35940.58,35986.97,35946.75,35978.06,35986.01,35958.54,35925.71,35932.2,35984.37,35901.93,35982.8,35978.55,35965.36,35946.18,35943.19,35944.13,35926,35960.87,35964.25,35928.37,35927.4,35932.59,35956.86,35956.77,35575.1,35676.8,35744.1,35614.6,35948.1,35897.8,35875.4,36127.6,1,9
36221.33,36189.27,36158.26,36173.05,36170.72,36185.17,36231.12,36248.63,36331.11,36390.03,36464.44,36551.9,36550,36523.75,36662.72,36603,36585.91,36564.81,36568.85,36588,36656.29,36657.45,36596.01,36587.47,36611.56,36646.52,36694.57,36657.73,36715.21,36821.14,35767.9,35908.3,35991.3,35516.9,36295.3,36255.6,36241.6,35965.8,1,8
35221.93,35291.12,35254.83,35375.18,35557.76,35658.14,35696.1,35740.77,35811.92,35788.06,35777.16,35840.64,35956.98,35906.17,35968.97,35926.72,35994.2,35949.97,35957.93,36057.61,36045.68,36033.5,36089.09,36088.73,36101.99,36076.91,36056.44,36026.5,36037.13,36205.19,35076.9,35137.2,35171.2,34936.1,35641.9,35451.5,35404.6,35386,1,5
36445,36409.8,36388.74,36540,36830.6,37056.34,37015.49,37105.93,37230.76,37310.21,37227.75,37229.75,37246.25,37276.58,37434.38,37420.42,37344.54,37315.85,37278.26,37351.43,37382.24,37342.35,37327.31,37366.53,37344.95,37338.63,37285.34,37223.58,37064.62,37148.06,35584.6,35721.1,35790.8,35770.1,36456.8,36419.2,36407.5,36218.9,1,3
36193.82,36296.71,36345.65,36311.85,36384.67,36330.63,36296.96,36279.48,36255,36271.77,36269.99,36255.31,36225.18,36229.31,36239.09,36219.2,36200.02,36196.01,36194.64,36174.16,36177.89,36120.53,36131.16,36122.52,36200,36235.93,36180,36125.39,36102.79,36128.19,35745.5,35827,35881.2,35687.9,36284,36234.2,36212,36153.8,1,1
36488.54,36588,36569.22,36570.67,36581.59,36618.76,36630.56,36638.59,36675.01,36710.47,36701.84,36735.84,36718.18,36675,36704.32,36740.59,36725,36738.76,36688.21,36755.56,36773.38,36732.48,36750,36688.61,36679.85,36601.18,36628.22,36586.38,36631.27,36750,36175.3,36274.9,36327.8,36301,36545.3,36518.8,36504.7,36686.7,1,1
37457.83,37315.41,37400.24,37656.13,37703.63,37716.64,37787.54,37756.09,37691.71,37741.69,37769.82,37792.17,37652.18,37664.09,37727.31,37688.51,37628.14,37611.06,37649.99,37553.59,37567.88,37586.77,37572.98,37634.82,37601.68,37585.8,37517.95,37550,37602.91,37627.27,36892.2,36964.9,37002.2,36883.1,37506.6,37463.3,37436.9,37275.6,1,3
31149.03,31598.99,31861.69,31802.84,31972.67,32086.56,31971.81,31900,31920.57,31828.57,31842.07,31951.56,31955.01,32131.74,32069.4,32059.68,31968.81,31995.22,32024.61,31998.03,32001.62,32033.37,32011.02,32025.33,31948.95,31848.07,31883.97,31909.39,31925.91,32164.7,31080.3,31199.3,31246.1,30979.5,31953.2,31716.3,31630.8,31691.6,1,4
32489.06,32478.46,32470.85,32476.03,32448.57,32497.16,32594.48,32678.41,32580.17,32534.52,32588,32616.28,32680,32634,32600,32635.94,32602.35,32663.17,32600.36,32557.8,32568.17,32588.84,32633.45,32599.67,32557.88,32563.54,32488.56,32489.91,32468.66,32439.22,31517.8,31624.3,31709.6,31288.1,32620.5,32540.8,32501.7,32054.6,1,7
31395.98,31394.11,31432.17,31444.4,31582.73,31686.43,31655.25,31617.92,31634.35,31530,31522,31570.99,31607.63,31541.24,31571.48,31523.87,31448.84,31305.82,31371.53,31283.92,31271.23,31273.06,31291.79,31388.75,31191.84,31128.33,31158.76,31137.17,31173.19,31157.65,31093.3,31229.6,31293,31255.7,31665.4,31554.2,31472.7,31921.2,1,5
31687.4,31710.46,31798.31,31850.16,31781.39,31711.04,31702.82,31663.83,31665.46,31615.99,31597.25,31610,31434.01,31376.08,31440.49,31453.47,31443.2,31444.47,31446.2,31499.53,31475.67,31483.23,31524.21,31490.3,31468.38,31507.06,31491.42,31471.46,31550,31479.93,31259.3,31353.4,31407.5,31506.3,31843.3,31769.9,31712.3,32078.7,1,3
32251.4,32275,32361.93,32324.94,32284.19,32197.3,32225.45,32416.99,32411.38,32378.98,32347.03,32345.26,32383.4,32399.99,32442.02,32427.5,32377.33,32370.53,32364.03,32387.79,32437.65,32440.13,32398.92,32421.75,32445.77,32485.3,32528.07,32495.63,32500,32515.91,31626.1,31974.5,32101.4,31997.5,32265.6,32244.8,32236.8,32581.3,1,7
32416.48,32480.56,32496.39,32492.13,32566.9,32611.62,32590.71,32623.63,32653.57,32638.43,32643.87,32626.7,32647.76,32700.99,32732.07,32674.66,32602.49,32559.57,32561.06,32592.02,32532.87,32480.01,32479.5,32439.98,32470,32547.07,32483.8,32461.09,32479.77,32447.19,31670.3,31868.6,31937.7,32232,32539.4,32516.2,32506.2,32778.5,1,4
32578.61,32546.98,32498.09,32490.06,32692.54,32638.88,32595.35,32643.65,32643.12,32720.06,32699.85,32875.33,32903.01,32945.06,32869.4,32934.78,32888.36,32894.94,32926.12,32932.58,32914.58,32988.8,32963.19,33051.71,33242.98,33266.37,33283.12,33264.18,33277.32,33216.01,32131.6,32225.5,32271,32142.1,32689.9,32642.4,32617.2,32592,1,4
32621.12,32648.51,32674.02,32675.12,32677.98,32729.24,32637.9,32617.4,32619.26,32658.35,32726.27,32866.89,32802.49,32835.24,32831.52,32801.23,32848.13,32839.03,32821.9,32831.52,32828.63,32665.2,32690.65,32659.98,32649.99,32660.37,32680.71,32700.29,32706.76,32675.12,32259.2,32353.9,32439.8,32417.6,32825.5,32734.9,32673.4,32891.5,1,11
32488.92,32493.27,32490.12,32451.26,32431.89,32624.86,32786.05,32772.16,32800,32906.25,32943.13,32972.83,32981.72,32928.33,33151.31,33119.19,33296.12,33202.72,33222.72,33245.39,33233.95,33190,33180.62,33203.34,33177.86,33249.65,33265.36,33244.79,33350.6,33399.49,32236.5,32311.1,32375.5,32246.4,32661.6,32587.9,32548.4,32683.1,1,7
31975.15,31963.61,31960.08,31920.99,31904.28,31900.55,31887,31925.79,31898.07,32018,32188.79,32178,32151.9,32110.28,32103.58,32068.4,32066.29,32052.89,32052.6,32021.59,32008.54,31945.22,31891.24,31875.78,31865.99,31841.37,31852.2,31858.61,31865.19,31878.2,31611.2,31740.6,31822.6,31293.5,32104.1,32005.7,31955.3,31762.1,1,11
32444.35,32436.31,32441.15,32508.01,32487.42,32376.37,32449.93,32407.23,32419.77,32368.25,32333.73,32370.22,32359.35,32356.39,32355.77,32301.62,32295,32297.44,32235.49,32289.6,32266.72,32232.26,32246.39,32255.72,32305.43,32243.46,32202.02,32245.42,32235.24,32248,31960.4,32039.3,32093.3,31829.7,32493.2,32469.7,32459.6,32200.1,1,3
32739.83,32727.24,32745.89,32770.79,32927.26,32910.34,32900.51,32904.74,32871.84,32888.78,32888.8,32944.31,32878.07,32874.3,32838.92,32811,32826.78,32816.62,32803.57,32805.73,32843.71,32885.51,32823.45,32866.26,32816.6,32809.4,32818.12,32888.32,32848.27,32829.65,32316.6,32490.8,32566.3,32300.8,32869.1,32831.8,32816.4,32627.9,1,4
33240,33226.38,33144.19,33066.13,33105.23,33095.94,33129.42,33164.81,33205.87,33305.8,33331.12,33397.56,33362.65,33386.63,33417.14,33463.34,33460.46,33454.83,33520,33519.96,33594.39,33596.78,33595.64,33551.92,33539.06,33535.38,33540.73,33561.41,33560.02,33545.9,32999,33052.9,33090.5,33075.5,33321.7,33281.4,33256.8,33434.1,1,11
31931.74,32080,32110.76,32066.53,32052.78,31959.03,31956.19,31943,31922.58,32120.91,32098.38,32093.92,32082.38,32085.14,32177.45,32204.47,32152.5,32300.75,32293.32,32344.09,32382.34,32390.66,32358.95,32352.06,32305.73,32279.55,32265.35,32273.94,32310.15,32334.49,31308.4,31436.1,31571.7,31347.8,32072,32009.2,31985.5,31780.7,1,1
31776.51,31963.09,31969.2,32000,32000,32038.48,31960.3,31920.89,31925.81,31816,31656.7,31579.83,31514.76,31475.52,31353.93,31455.65,31383.52,31340.85,31463.37,31410.3,31370.69,31388.37,31483.64,31484.52,31524.14,31490.26,31491.11,31555.83,31583.15,31676.36,31476.1,31545.8,31587.1,31285.6,31973.1,31871.8,31810.4,31748.8,1,3
32292.07,32335.43,32268.66,32287.95,32264.88,32279.44,32322.65,32332.87,32346.1,32360.34,32357.85,32315.5,32256.56,32228.58,32250.82,32241.27,32157.46,32140.93,32148.04,32169.91,32158.24,32157.05,32131.16,32072.12,32106.82,32128.83,32097.8,32087.98,32100.64,32157.82,31762.7,31899.8,31957.3,32003,32282.3,32274.3,32273.3,32462.1,1,3
32182.79,32189.37,32291.06,32325.98,32323.05,32307.42,32300.15,32361.21,32327.87,32358.86,32356,32358.19,32369.19,32314.34,32333.4,32338.15,32268.24,32293.97,32245.02,32262.82,32214.44,32187.23,32156.76,32139.9,32126.11,32169.89,32110.33,32100,32082.72,32035.46,31814.7,31888.6,31936.9,31929.6,32248,32242,32237.8,32358.8,1,2
32189.06,32234.67,32227.81,32215.6,32187.45,32247.45,32257.45,32260.04,32275.97,32245,32283.63,32277.22,32282,32300,32317.92,32371.05,32330.15,32295.4,32329.16,32240.63,32258.5,32280.01,32309.4,32299.67,32330.01,32370,32627.21,32622.72,32733.81,32835.24,31753.7,31808,31847.3,31753,32256.3,32231.9,32222.3,32165.6,1,7
30228.35,30248.37,30285.57,30371.63,30580.6,30612.88,30587.25,30550.01,30628,30596.16,30731.86,30704.98,30739.18,30760.46,30623.62,30632.87,30595.37,30605.52,30609.59,30669.03,30608.87,30657.42,30633.33,30651.69,30672.47,30706.8,30785.62,30892.68,30918,30862.57,29410.1,29727.6,29905.8,29513.3,30480.6,30368.6,30324,29969.9,1,4
29945.06,30040.87,30329.72,30336.58,30381.73,30368.29,30296.56,30255.67,30302.25,30284.33,30482.87,30609.48,30732.48,30631.43,30697.62,30743.56,30703.62,30659.78,30585.26,30593.26,30537.88,30537.49,30511.97,30550,30551.04,30629.71,30590,30600,30595.03,30674.07,29437.9,29629.4,29756.9,29800.3,30342.9,30137.4,29983.1,30316.1,1,4
30656.42,30643.73,30728.69,30716.08,30716.91,30682.61,30703.82,30562.97,30581.87,30770,30944.79,30920.97,30893.34,30873.98,30897.27,31080.79,31166,31385.39,31362.76,31317.65,31316.45,31246.74,31184.88,31217.32,31220.77,31400,31430.5,31387.4,31392.43,31325.6,30157.6,30368.5,30480.9,30368.4,30916.2,30803.7,30725.7,30924.1,1,11
30471.5,30602.04,30809.51,30761.92,30729.55,30626.12,30568.94,30435.19,30480.21,30459.5,30486.99,30514.76,30483.07,30529.61,30544.29,30521.38,30582.58,30499.85,30529.29,30546.5,30636.67,30638,30636.59,30686.83,30720.71,30745.79,30808.11,30854.34,30881.94,30920.01,30253.2,30372.3,30459.2,30318.8,30765.2,30653,30589.6,30885.1,1,2
30868.71,30832.84,30827.76,30813.63,30900.43,31016.35,31059.06,31088.94,31127.03,31128.05,31090.02,31075.42,31048.03,31035.8,31057,31001.55,30983.11,31048.45,31037.81,31095.02,31106.79,31135.37,31043.83,30970.08,31041.67,30975.47,31004.97,30993.83,30932.89,30934.05,30410.1,30531.3,30610.3,30208.8,31016.3,30964.3,30942.3,30764.9,1,5
30936.01,30952.35,31121.63,31123.6,31127.97,31265.65,31245.16,31196.38,31178.1,31151.83,31121.86,31116.01,31130.56,31090.32,31169.51,31235.06,31192.28,31165.32,31173.47,31181.72,31197.83,31216.8,31198.11,31195.59,31108.01,31152.5,31133.32,31100.72,31070.27,31061.45,30672.4,30821.9,30906.3,30629.4,31223.5,31161.2,31136.7,31181.3,1,5
31346.19,31302.78,31383.33,31557.21,31496.68,31429.08,31357.14,31369.44,31361.49,31340.71,31318.33,31364.38,31306.4,31308.85,31283.59,31324.77,31292.16,31282.31,31264.79,31270.88,31260.35,31272.59,31236.43,31199.99,31238.1,31264.99,31283.35,31269.59,31289.95,31231.73,30707.7,30906.4,31020.8,30784.4,31484.8,31451.9,31433.7,31339.2,1,3
31462.13,31465.45,31321.54,31299.43,31394.13,31574.12,31468.79,31500.57,31470.01,31470.22,31495.69,31490.69,31540.61,31543.78,31610.95,31592.29,31699.77,31700,31636.14,31593.66,31562.83,31527.04,31545.91,31558.04,31600.35,31490.01,31530.01,31528.64,31518.88,31440.58,31110,31179.5,31228,31172.6,31476.6,31445.6,31434.4,31537.9,1,5
31351.76,31307,31344.8,31350,31432.84,31496.99,31472.17,31515.79,31553.85,31621.05,31603.74,31592.79,31586.38,31581.35,31657.7,31659.49,31694.7,31753.34,31767.26,31763.1,31781.41,31768.41,31779.99,31815.82,31785,31727.88,31748.32,31734.68,31775.12,31701.5,31108.2,31142.4,31170.8,31261.8,31459.2,31423.5,31399.7,31613.4,1,5
31659.78,31714.1,31747.34,31819.87,31961.31,32012.96,32123.01,32120.01,32038.35,32031.58,32003.9,31997.53,31946.69,31939.44,31855.05,31873.35,31900,31840.62,31889.91,31981.82,31878.9,31820.69,31779.33,31749.32,31791.01,31825.83,31814,31824.91,31806.56,31823.7,31242.8,31377.1,31442.7,31154.7,31733.1,31715.1,31707.6,31514.6,1,2
33316.73,33332.5,33370.26,33360.25,33268.49,33278.45,33310.08,33230.86,33250.15,33258.15,33265.21,33312.44,33382.04,33399.41,33431.62,33389.25,33325.31,33321.8,33297.77,33256.75,33272.95,33245.05,33227.95,33173.39,33225.36,33276.94,33266.76,33244.05,33269.18,33319.81,32804,32891.9,32946.9,32743.9,33296.3,33281.4,33270.1,33118.2,1,11
33471.73,33544.78,33583.51,33700,33813.83,33782.12,33850,33854.69,33731.45,33771.18,33821.33,33790.54,33797.89,33858.41,33999.99,34028.08,34054.34,34030,33943.99,33915.95,33973.06,33982.99,34000.43,34049.15,34074.24,34036.63,33995.66,34046.19,34172.97,34141.65,33059,33225.4,33281.3,33416.7,33735.1,33589.3,33508.8,33791.8,1,4
32140.41,32174.6,32202.53,32195.49,32200,32324.41,32382.31,32661.65,32754.45,32724.5,32965.22,32894.76,33179.38,33329.35,33675.17,33594.4,33720.57,34186.74,34497.9,34248.8,34200,34148.59,34433.59,35000.99,35848.51,35580.28,35494.91,35993.64,36240.24,37019.26,31989.2,32051.6,32077.2,31977,32564.2,32397.4,32246.6,32458.4,1,7
36920.6,36944.6,37046.01,37175.04,37080.5,36938.78,37052.56,37103.06,37171.85,37119.19,37016.98,37005.27,36859.28,36948.36,37032.09,37000.33,37074.64,37049.3,36955.98,36782.33,36875.11,36852.31,36868.54,36817.28,36777.29,36852.5,36900.37,37031.06,37025.32,36567.14,35631.8,36265.3,36538.2,36139.1,37164.5,36993.3,36920.7,37155.7,1,3
34400.29,34471.08,34562.66,34508.87,34467,34413.93,34578.55,34612.42,34640.74,34699.71,34679.87,34718.59,34688.24,34727.64,34696.46,34687.69,34736.14,34770.01,34719.84,34729.49,34707.31,34724.89,34824.51,34817.93,34910.84,34903.26,34831.46,34819.99,34766.39,34695.22,33941,34069.1,34138.7,34148.6,34554.3,34461.9,34414.2,34938,1,2
33604.22,33534.64,33539.69,33486.83,33456.73,33400,33343.42,33791.33,33892.61,33899.81,33852.47,33735.5,33812.41,33766.11,33800,33770.4,33712.44,33790.84,33726.59,33739.74,33764.09,33679.29,33651.44,33636.83,33619.33,33604.39,33560.81,33475.45,33503.72,33486.89,33413.4,33494.3,33536.8,33007.8,33882.8,33780.6,33709.4,33661.3,1,8
33952,33946.74,33973.25,33965.79,33928,33851.77,34184.06,34383.21,34262.47,34139.41,34205.01,34257.41,34251.47,34304.09,34208.14,34200.84,34157.67,34208.37,34204.64,34246.18,34258.41,34202.4,34189.73,34138.23,34078.89,34074.68,34056.21,34089.34,34092.65,34097.9,33682.4,33774.2,33817.5,33822.5,34268.5,34149.9,34056.6,34392.3,1,7
34204.41,34194.14,34217.38,34296.52,34270.69,34300,34333.84,34297.43,34292.78,34309.81,34292.47,34319.14,34338.02,34321.78,34436,34456.47,34440.79,34413.15,34399.17,34364.97,34299.89,34281.9,34282.23,34252.26,34284.41,34244.78,34258.4,34201.02,34210.2,34161.68,33944,33995.8,34029,34015.1,34277.3,34235.6,34217,34433.9,1,3
33966.99,33982.94,33967.41,33950.22,33963.9,34050,34088.84,34076.45,34079.76,34152.17,34157.11,34132.07,34098.05,34098.6,34169.47,34145.51,34136.56,34167.62,34156.41,34146.98,34163.05,34183.32,34204.93,34069.33,34139.76,34179.26,34148.25,34175.99,34190.24,34150.75,33478.8,33602.9,33673.1,33450.5,34053.2,34005.4,33983.2,33885.2,1,7
34361.33,34359.38,34324.44,34346.23,34383.26,34393.6,34366,34351.7,34380.13,34376.83,34339.96,34372.46,34343.43,34358.32,34306.9,34244.19,34184.44,34093.26,34089.9,34113.1,34131.49,34115.51,34125,34130.06,34153.15,34085.12,34120.23,34109.12,34130.47,34126.57,33876.9,33939.9,33968.5,34067.9,34391.6,34381.5,34377.1,34447.4,1,5
34270.68,34323.81,34338.76,34365.5,34351.3,34340.9,34334.62,34339.99,34332.84,34335.78,34348.61,34336.81,34300.02,34346.23,34362.12,34334.45,34313.03,34352.51,34435.65,34394.57,34232.54,34185.69,34238.68,34344.4,34395.41,34369.43,34408.28,34400.75,34399.04,34345.64,33857,33939.8,33974,33950.3,34325.2,34297.1,34282.6,34317.1,1,2
34725.01,34754.96,34678.87,34657.63,34593.05,34589.83,34594.56,34620.59,34772.56,34768.84,34721.89,34738.99,34718.57,34692.14,34639.99,34696,34683.75,34702.95,34698.6,34689.03,34660.27,34659.05,34650.73,34627.56,34573.81,34606.03,34556.72,34575.72,34564.43,34574.12,33980.8,34069.6,34100.8,34025.4,34667.2,34638.6,34619.5,34382.1,1,8
33636.03,33643.56,33647.29,33660.27,33719.73,33783.97,33689.99,33640.01,33631.87,33637.44,33672.26,33646.14,33562.28,33632.99,33647.56,33694.78,33724.4,33682.67,33678.63,33656.8,33674.12,33643.76,33661.02,33666.24,33644.12,33692.09,33661.56,33671.63,33653.39,33685,33411.7,33511.4,33576,33464.4,33720.8,33700.9,33689.9,33769.3,1,5
33013.65,32999.7,33013.82,33122.72,33165.43,33160.33,33160.35,33160.54,33152.06,33100.01,33100.2,33087.34,33055.81,33054.96,33055.74,33071.76,33171.49,33103.95,33133.46,33091.77,33208.12,33190.6,33146.56,33124.28,33122.55,33103.83,33098.33,33150.84,33124.4,33127.56,32840.8,32917.7,32961,32744.1,33115.9,33064.8,33039.2,33107.1,1,3
32840.58,32810.01,32848.49,32920,33042.65,33137.02,33162.51,33130.74,33175.56,33199.96,33344.53,33441.57,33458.01,33470.67,33472.99,33396.81,33387.82,33359.99,33368.26,33410.28,33432.55,33490.27,33410.57,33405.01,33419.99,33420.46,33466.23,33401.37,33430.29,33354.01,32693.5,32779.6,32821.8,32368.7,32981.2,32946.4,32923.1,32741.7,1,4
33345.88,33319.82,33252.41,33259.6,33306.01,33382.19,33379.51,33445.86,33400,33382,33405.14,33379.73,33410.12,33421.86,33506.4,33626.01,33681.2,33653.24,33671.01,33808.5,33788.6,33699.97,33701.01,33679.35,33665.25,33652.77,33631.7,33582.08,33553.38,33698.87,32627.7,32718.4,32785.1,32705.3,33407.6,33381,33367.3,33092.5,1,7
33877.48,33851.54,33813.49,33823.23,33825.71,33805.3,33805.6,33822.38,34030.55,34175.11,34416.68,33740.45,33804.5,33832.89,33754.55,33631.17,33555.93,33490.36,33480.99,33487.95,33472.02,33384.49,33374.39,33360.49,33365.24,33462.1,33500.49,33516.45,33518.89,33524.82,33559.6,33658.1,33704.6,33641.7,33959.8,33897.8,33868.3,33995.5,1,8
34833.95,34846.18,34960.47,34978.71,35217.02,35318.89,35416.44,35385.51,35354.49,35265.09,35247.95,35382.42,35318.9,35312.54,35401.02,35417.7,35538.93,35645.92,35599.38,35504.52,35461.28,35457.04,35381.8,35350.56,35401.88,35349.88,35229.09,35168.77,35249.99,35263.46,34364.4,34532.3,34653.9,34133.8,35067.2,34960.9,34921.5,34442.1,1,4
34930.93,34934.55,34889.98,34969.65,34919.48,34964.74,35026.91,35060,35121.26,35100.29,35044.02,35070.2,35070.67,35015.41,35005.51,35046.11,35045.7,35034.66,34979.85,35021.95,35042.36,34995.93,34944.07,34999.99,35010.04,34981.14,34983.66,34857.98,34964.52,34977.37,34522.1,34560.3,34579.6,34532.3,35014.9,34990.6,34976.3,34958.8,1,7
36609.99,36588.44,36605.72,36581.61,36548.89,36574.44,36550.2,36532.32,36544.71,36809.81,36724.12,36599.99,36641.23,36618.61,36594.04,36615.81,36631.85,36580.01,36590.04,36526.01,36606.07,36580.53,36585.88,36571.68,36582.66,36607.04,36658.59,36591.79,36628.85,36609.67,36315.1,36460.2,36576.7,36361,36802.4,36732.2,36693.8,36714.7,1,9
36861.73,36827.33,37048.04,37023.65,37066.02,37114.34,37068.62,36972.85,36949.84,36923.07,36927.07,36922.18,36891.39,36864.09,36877.07,36837.63,36785.76,36792.4,36823.94,36732.73,36734.16,36685.27,36690,36699.99,36658.19,36746.03,36750,36761.67,36761.46,36687.19,36511.7,36668.3,36758.6,36661.5,37003.1,36981,36969.8,37005.3,1,2
36844.6,36832.17,36856.62,36842.61,36858.56,36853.06,36851.33,36865.75,36844,36837.72,36896.65,37003.47,36976.85,36978.07,36912.22,36937.05,36938.1,36962.42,36955.8,36924.63,36957.39,36978.67,36958.08,36946.56,36988.32,37016.7,37038.6,37043.53,37039.88,37119.33,36608.2,36697.8,36746.4,36615,36932.8,36891.6,36870.2,36961.6,1,11
37235.65,37267.88,37264.09,37355.61,37325.85,37345,37329.41,37349.77,37343.79,37344.86,37375.85,37348.43,37378.59,37399.99,37409.51,37360.01,37329.19,37315.54,37261.82,37225.01,37233.05,37237.11,37262.24,37249.94,37250,37204.68,37228.59,37249.76,37256.97,37299.83,36824.6,36912.3,36955.3,36971.6,37296.6,37280.9,37274.7,37321,1,3
37730,37777.35,37820.97,37849.99,37809.11,37874.37,37838.82,37851.66,37855.74,37827.76,37814.99,37838.23,37905.12,37886.69,37835.23,37876.68,37879.28,37872.66,37947.03,37944.77,37911.31,37912.29,37894.41,37855.02,37909.35,37906.61,37928.99,37945.64,37989.68,38061.25,37375.8,37469.1,37527.5,37422,37794.5,37752.9,37738.8,37742.6,1,2
37855.95,37900.6,37943.38,37975.49,38000,37926.06,37981.3,38051.65,38131.34,38186.52,38159.56,38209.99,38300,38441.77,38401.47,38403.77,38388.29,38489.89,38452.71,38483.18,38453.58,38500,38631.96,38586.79,38496.96,38581.51,38597.22,38686.47,38664.52,38603.77,37776.1,37831.2,37863.5,37774.7,38171.7,38101.3,38039.5,38141.2,1,9
37589.11,37619.51,37664.91,37692.11,37725.5,37783.83,37730.27,37622.1,37674.24,37686.6,37728.56,37683.07,37693.28,37699.5,37666.92,37632.57,37640.97,37630.37,37585.15,37582.19,37549.99,37543.13,37544.11,37529.17,37518.75,37534.98,37530.69,37516.46,37476.19,37566.88,36947.8,37033.5,37076.5,36971.3,37620.9,37596.2,37590.3,37425.3,1,2
37014.21,36966.99,36971.39,37013.32,36980.08,36976.68,37012,37066.52,37063.54,37107.55,37074.55,37255.81,37227.98,37280.07,37276.96,37325.49,37320.5,37311.1,37280.71,37244.23,37276.01,37242.19,37259.97,37199.2,37236.39,37255.09,37250.18,37276.32,37231.72,37258.32,36751.3,36803.8,36838.3,36535,37218.5,37123.3,37077.6,36922.5,1,11
37423.59,37524.12,37626.8,37482.05,37416.8,37472.39,37437.39,37441.9,37455.98,37466.37,37457.38,37412.04,37449.99,37444.34,37400.52,37420.49,37442.05,37370.42,37344.33,37377.37,37387.98,37374.05,37410.04,37380.37,37432,37413.89,37402.72,37361.95,37375.52,37413.91,36918.9,37001.1,37055.5,36886.9,37624.5,37548.1,37513.4,37254.4,1,2
38121.1,38113.86,38125.4,38155.18,38270,38266.34,38250.13,38241.25,38194.92,38142.39,38119.18,38138.31,38134.51,38137.65,38153.66,38139.92,38143.1,38159.21,38172,38177.88,38152.39,38075.57,38010,37989.48,38008.49,37954.32,37934.16,37938.76,37960.76,37927.07,37915.4,37979.4,38024.5,37990.2,38237.6,38174.4,38140.5,38319.2,1,4
38240.32,38345.32,38435.76,38500,38472.51,38559.56,38604.21,38532.05,38450.01,38504.81,38493.82,38473.47,38495.33,38433.92,38416.27,38354.78,38332.06,38337.14,38363.12,38289.49,38341.02,38341.4,38387.41,38400,38397.95,38391.15,38375.58,38424.76,38418.24,38399.66,37781.4,37895.9,37974.4,37776.5,38475.6,38403.4,38375.6,38068.2,1,3
39946.85,39940.87,39960.65,40025.88,40095.21,40113.36,40164.46,40150.01,40195.54,40289.1,40310,40350,40373.13,40370.53,40395.78,40400,40439.93,40345.56,40329.75,40358.97,40300,40300,40287.71,40274.94,40271.32,40262,40249.97,40247.19,40241.07,40240.82,39806,39883.5,39920,39939.8,40303.2,40248,40213.9,40308.1,1,11
39025.98,38998.01,39039.05,39128.55,39183.68,39267.31,39192.96,39216.84,39177.08,39139.68,39122.43,39110.26,39089.16,39139.12,39013.6,39050.11,38931.99,38837.61,38741.61,38767.87,38776.36,38679.14,38690.72,38664.54,38683.84,38647.99,38582.81,38599.03,38654.65,38698.38,38706.4,38812.5,38885,38954.4,39159.5,39092.2,39062.1,39323,1,4
38428.9,38437.03,38456.17,38456.65,38440.76,38420.01,38463.69,38494.48,38583.02,38504.16,38440.49,38471.12,38464.92,38443.89,38456.58,38409.25,38367.52,38414.76,38448.12,38474.7,38479.99,38456.41,38433.41,38405.23,38448.96,38410.31,38405.08,38422.12,38427.48,38424.47,37922.7,38026.8,38111.4,37857,38546,38509.5,38497,38327.2,1,8
38432.23,38444.88,38449.7,38446.8,38441.95,38473.33,38450,38507.92,38569.04,38512.97,38550.86,38566.2,38542.58,38511.17,38509.81,38524.79,38489.85,38479.8,38528.77,38482.53,38496.57,38522.99,38613.77,38614.34,38521.2,38546.56,38556.03,38553.14,38530.33,38470.49,38135.9,38230.2,38289.6,38212.8,38540,38490.9,38456.1,38675.7,1,8
38484.93,38409.79,38437.3,38473.3,38494.3,38484.75,38505.45,38551.21,38529.84,38595.92,38615.3,38587.98,38566.54,38564.35,38592.79,38634.47,38639.37,38617.01,38603.44,38598.22,38604.39,38582.93,38518.62,38480.06,38489.76,38478.86,38419.99,38379.99,38305.8,38394.94,38152.6,38266.9,38309.7,38177.4,38571.9,38533.9,38503.9,38613,1,9
38942.11,38952.65,38985.31,38968.62,38995.62,38978.02,38944.66,38980.69,38997.72,39032.83,38979.26,38993.42,39007.85,38990.31,38956.3,38894.51,38919.5,39010.28,38949.18,38894.16,38906.54,38876.85,38888.6,38866.47,38897.25,38890.06,38895.01,38857.13,38795.69,38828.92,38358.4,38496.6,38569.6,38494.6,38991.3,38981.7,38977.5,38931.6,1,4
38831.01,38702.06,38799.99,38884.56,38845.8,38863.94,38932.58,38980.53,38989.07,39043.72,39079.47,39110.27,39090.9,39057.39,39008.99,39005.16,39026.17,39013.56,38977.23,38939.59,38871.74,38836.24,38866.89,38877.88,38854.12,38780,38807,38823.35,38815.43,38759.65,38361,38513.3,38574,38762.5,38966.4,38910.5,38870.7,39195.1,1,7
38650.91,38700.55,38728.73,38764.5,38704.93,38724.68,38796.87,38827.54,38790.56,38831.64,38883.22,38930.37,38947.57,38994.92,39008.62,39054.27,39018.96,39060.82,39070.75,39113.71,39185.95,39148.53,39129.19,39126.45,39136.06,39157.99,39172.66,39136.07,39131.95,39118.79,38342.5,38471.5,38568.5,38489.8,38803.1,38738,38707.3,38831.9,1,7
39257.55,39277.77,39289.99,39310.41,39246.53,39247.47,39220.25,39243.41,39288.68,39307.99,39305.12,39300,39271.94,39257.81,39281.51,39316.4,39311.09,39300.01,39256.22,39207.12,39229.55,39180.66,39139.99,39124.45,39111.29,39103.5,39055.86,38998.93,39028.54,39088.99,38915.3,39028,39097,39048.2,39307.3,39271.1,39259,39380.5,1,3
39096.83,39127.26,39180.24,39180.01,39244.45,39269.16,39226.28,39250,39294.69,39270.92,39281.05,39268.04,39241.89,39286.9,39277.86,39257.63,39295.51,39310.41,39361.97,39360.04,39400,39369.3,39349.7,39359.95,39374.37,39393.61,39366.6,39424.44,39418.71,39481.29,38730,38786.2,38822.2,38793.7,39174,39125.8,39103.1,39124.7,1,2
46505.17,46615.14,46804.95,47116.97,47438.76,47224.49,47084.84,47011.39,46922.14,46935.15,46884.08,46994.6,47106.85,46872.03,46538.05,46764.05,46724.69,46684.28,46654.32,46716.91,46812.68,47001,47098.64,47014.09,46747.31,46812.15,46800.19,46631.16,46708.77,46852.99,45216.4,45985.7,46253.9,45627.1,47365.3,47032.6,46848.8,46386,1,4
47130.76,47064.17,47035.37,47068.12,47287.99,47499.99,47408.13,47396.6,47443.92,47364.95,47414.81,47440.53,47462.49,47698.01,47539.83,47741.72,47800,47728.94,47754.75,47658.38,47587.13,47620.29,47828.1,47962.76,48044.81,47943.01,47888.95,47931.68,48111.18,47930.89,46629.1,46775.4,46891.2,46620.1,47357.4,47274.3,47226.6,47417.2,1,5
47571.35,47672.42,47792.15,47854.92,47790.8,47812.07,47716.58,47646.48,47687.02,47586.26,47609.46,47565.35,47555.39,47482.56,47220.81,47072.39,47130.6,47063.78,47069.88,47114.28,46950,46983.38,46957.83,46882.25,46966.23,46959.06,46927.49,46919.76,46969.29,46887.86,47147,47326.8,47411.8,47400.2,47825.1,47731.7,47684.9,48200.7,1,3
46914.21,47295.24,47399.26,47355.92,47266.49,47284.21,47235.91,47247.67,47362.9,47320.81,47299.98,47261.92,47264.27,47307.3,47189.33,47170.3,47167.27,47091.64,47074.06,47074.19,47032.19,47010,46913.95,46994.49,47086.96,47037.06,47041.48,47024.42,47012.77,47028.7,45867.8,45999.1,46064.1,46065.6,46960.9,46954.6,46951.9,46789.3,1,1
46924.68,46973.37,47042.01,47039.88,47029.21,47181.05,47200.01,47268.61,47319.36,47343.93,47443.64,47492.14,47373.17,47260.82,47341.73,47365.34,47350.01,47350,47334.08,47174.41,47140,47135.26,47278.4,47264.54,47193.92,47163.29,47122.68,47129.26,47084.17,47122.71,46486.6,46585.9,46662.2,46726.9,47038.7,46976,46942.1,47399.4,1,2
46455.91,46494.23,46514.23,46569.75,46612.69,46591.53,46527.26,46549.98,46606.68,46489.11,46431.51,46480.77,46515.16,46509.66,46529.93,46531.79,46550.29,46571.29,46588.71,46799.87,46664.59,46674.87,46604.58,46562.82,46476.03,46601.14,46616.63,46548.07,46565.07,46576.99,46161.2,46286.2,46356.3,46221.8,46610.1,46566.2,46543.2,46687.7,1,4
46613.21,46585.08,46569.76,46572.95,46566.88,46593.33,46554.51,46560.76,46561.86,46556.87,46644.4,46734.69,46800.84,46925.7,46845.06,46800,46697.7,46668.49,46694.18,46683.21,46608.27,46616.14,46610.57,46641.99,46665.46,46642.64,46637.95,46614.08,46563.69,46687.23,46315.8,46383.3,46419.2,46257,46720.5,46627.8,46600.4,46726,1,11
46426.61,46530.55,46522.32,46502.2,46618.21,46574.48,46619.84,46718.28,46752.47,46809.01,46864.5,47103.5,47080,47150,47199.99,47105.87,47196.19,47228.22,47269.48,47245.32,47168.45,47047.79,47050.37,47042.72,47038.7,46932.85,47021.82,46995.94,46957.15,46969.66,46318.3,46401.9,46437.7,46610.4,46747.4,46666.9,46617.3,47047.1,1,9
44988.75,45019.15,45019.46,45088.87,45108.52,45120.27,45149.99,45100,45084.08,45020.58,44986.89,45011.04,44921.05,44905.98,44851.18,44951.72,45039.39,45054.11,45022.16,45053,45122.98,45088.66,45157.91,45149.68,45187.6,45173.71,45160.85,45103.67,45015.06,44974.35,44456.2,44665.7,44793.7,44450,45107,45026.9,44989.8,45089.2,1,4
44583.18,44625,44656.57,44643.71,44651.06,44682.56,44736.2,45015.79,45093.97,45060.52,45028.4,45035.5,45090.31,45072.77,45036,45052.65,45045.45,45039.34,45024.97,45045.25,45075.05,45067.11,45068.65,45055.8,45042.12,45058.71,45055.53,45014.52,44943.05,44985.61,44421.8,44496.8,44527.9,44589.9,44852.9,44795.5,44762.2,44985.4,1,7
44830.7,44863.91,44880,44853.35,44920.83,44933,44964.68,44976.76,44997.14,44960,44979.99,44995.1,44972.46,45066.06,45009.79,44926.93,45026.97,45002.62,45050,45032.86,44995.67,45007.73,44980.62,44966.31,44983.06,45019.66,44962.05,45010,45017.02,45081.33,44497.8,44570,44618.6,44536.4,44894,44858.2,44842.3,44927.9,1,4
48137.62,48099.43,48214.9,48337.66,48319.43,48394.08,48510,48474.9,48623.78,48650,48870.6,48822.01,48545.7,48458.45,48300,48500,48532.01,48770,48683.08,48868.57,48780.63,48754.71,48693.57,48664.13,48717.31,48707.16,48495.02,48344.95,48458.08,48406.5,47547.7,47645.7,47699,47476.4,48276.6,48179.9,48147.2,48082.7,1,3
47840.41,47745.12,47699.99,47646,47760.42,47830.11,47782.47,47789.68,47831.27,47830.84,47855,47879,47916.96,48087.53,48080.8,47993.66,47962,47955.09,47982.36,48065.16,47998.78,47964.77,47979.32,47948.42,47864.3,47866.17,47828.43,47845.52,47823.5,47832.52,47366.3,47468.2,47542.5,47507.2,47789.8,47766,47755.4,47963.5,1,5
47637.75,47671.52,47674.98,47652.77,47633.89,47643.96,47692.12,47738.47,47769.42,47798.7,47778.92,47763.07,47793.83,47799.99,47835.79,47821.26,47859.25,47904.43,47855.34,47882.99,47909.86,47894.45,47910.36,47935.29,47882.18,47862.27,47881.37,47812.86,47839.77,47886.79,47425.2,47471.7,47499.5,47452.3,47767.4,47725.8,47695.9,47823.6,1,8
46967.87,46942.52,46971.76,47073.37,47023.42,47160,47157.7,47167.2,47175.86,47175.41,47157.17,47218.96,47152.41,47180.39,47267.88,47172.51,47210.57,47199.64,47214.82,47227.16,47206.23,47188.89,47185.55,47175.78,47210.01,47085.28,47117.1,47139.83,47076.01,47141.31,46779.3,46875,46927.7,46637.9,47163,47086.7,47044.9,47113.3,1,7
47272.34,47245.5,47178.78,47101.02,47076.54,47070.37,47098.33,47173.31,47204.61,47375.3,47392.38,47495.96,47503.99,47545.25,47575.22,47578.38,47520.74,47568.79,47510.63,47546.86,47547.59,47537.72,47477.4,47495.69,47515.21,47505.43,47549.45,47502.01,47492.03,47465.67,46888,46957.6,46989.7,47050.6,47233.9,47215.8,47207.1,47396.8,1,9
47542.1,47554.35,47548.54,47542.61,47581.55,47662.76,47607.13,47625.24,47627.9,47597.39,47619.98,47555.25,47554.7,47491.21,47439.2,47419.99,47300,47290.03,47298.26,47300.02,47373.98,47398.7,47381.79,47391.25,47420.9,47439.99,47403.14,47435.83,47471.23,47487.27,47228.8,47407.2,47470.6,47490.8,47631,47584.3,47558.9,47840.4,1,5
47923.17,47985,48002.41,48066.05,47993.69,48034.9,48058.66,48065.34,48079.3,48087.44,48108.93,48081.97,47997.58,48009.49,48138.04,48156.67,48332.99,48471.53,48445.36,48556.92,48688,48776.12,48653.04,48624.06,48599.99,48846.85,48850.37,48913.19,48929.18,49209.99,47473.6,47543,47593.5,47391.9,48023.3,47980.1,47963.7,47725.2,1,3
47000.04,47019.12,47037.53,47215.29,47244.39,47200.03,47227.91,47256.75,47330.13,47294.53,47259.24,47271.99,47274.99,47282.89,47229.43,47191.14,47208.38,47221.37,47202.38,47208.4,47189.62,47180.31,47218.19,47204.21,47204.99,47249.32,47349.05,47315.01,47264.26,47213.03,46746.7,46845.5,46885,46602.9,47199.8,47121,47066.5,47218.4,1,3
47874.06,47916.91,47906.3,47891,47830.59,47854.64,47859.93,47840.01,47827.9,47818.51,47825.02,47925.51,47872.67,47874.08,47876.61,47857.59,47864.88,47885.97,47894.44,47897.55,47925.21,47928.67,47946.25,47928.68,47873.36,47839.57,47813.81,47809.18,47802.66,47674.65,47130.3,47201.4,47255.2,47483.9,47903,47894.8,47890.7,48083.6,1,1
48037.55,48063.88,48138.86,48122.68,48092.46,48099.96,48151.04,48140.5,48169.68,48130.46,48125.44,48137.61,48159.79,48127.43,48159.99,48196.22,48213,48430.68,48414.17,48385.94,48423.11,48448.24,48420.01,48460.01,48461.97,48443.01,48485.04,48547.76,48460,48550,47668.5,47732.8,47772.6,47615.2,48109.1,48065.3,48041.4,47988,1,2
49172.17,49201.3,49217.73,49295.81,49209.78,49144.86,49145.33,49123.86,49065.87,49039.46,49036.48,49040.15,49040.14,49004.17,48913.99,49051.52,49108.83,49139.1,49051.97,49000.02,49003.64,49047.29,49066.75,49053.65,49075.71,49186.3,49129.04,49132.83,49101.37,49100.46,48413,48509.9,48555.2,48419.2,49273.1,49245.6,49230.9,48961.5,1,3
48660.85,48582.74,48682.24,48681.46,48732.02,48829.69,48915.03,49023.09,49110.06,49100,49299.99,49499.72,49404.25,49383.29,49604.75,49587.94,49407.25,49405.47,49338.65,49476.1,49535.63,49526.6,49500.73,49595.03,49747.04,49895.83,49999.91,49764.67,49947.03,50218.57,48606.8,48615.6,48619.8,48669.7,49188.2,49146,49122.2,49169.4,1,11
48550.25,48600.01,48632.78,48679.63,48742.35,48755.39,48789.99,48770.27,48824.01,48821.07,48812.45,48750.01,48812.01,48863.25,48869,48850.05,48869.01,48840.32,48900,48989.97,48917.45,48954.5,48935.12,48985.54,49025.12,49036.84,49153.28,49155.61,49108.68,49080,48346.2,48431.1,48480.9,48257.9,48734.4,48677.4,48632.4,48721.8,1,4
49091.53,49159.25,49192.03,49234.75,49272.07,49197.62,49165.91,49155.41,48985.05,48959.25,49094.68,49129.82,49123.2,49080.71,49009.99,49060.53,49045.52,49048.35,49074.9,49063.71,49040.52,49101.86,49086.19,49089.45,49091.11,49069.06,49026.16,49039.53,49040.01,49086.82,48386.6,48458.4,48501.4,48309.1,49108,49092.7,49086.2,48775.4,1,11
49084.44,49085.62,49115.06,49152.68,49189.05,49095.61,49090.88,49117.08,49131.41,49120.19,49138.02,49233.91,49150,49141.3,49144.33,49140.15,49131.36,49137.25,49129.97,49122,49127.83,49167.85,49239.64,49247.87,49268.26,49198.15,49144.9,49103.77,49133.45,49269.78,48576.1,48791.4,48892.1,48867.7,49163.6,49133.1,49114.9,49319.8,1,4
50085.36,50030.99,50062.28,50068.07,50158.31,50129.19,50299.99,50324.5,50408.71,50340.87,50315.49,50163.7,50134.09,50164.52,50267.18,50192.47,50303.38,50447.36,50475.22,50569.76,50432.63,50577.52,50589.91,50632.82,50662.95,50615.67,50583.06,50499.99,50556.05,50724.12,49525,49615.4,49653.8,49613.9,50125.9,50111.1,50106,50047.5,1,4
50823.16,50798.27,50671.01,50873.15,50921.39,50671.19,50579.33,50526.12,50425.14,50396.37,50479.28,50460.2,50530.91,50533.4,50621.32,50637.38,50682.82,50825.67,50694.58,50864.86,50760.34,50836.52,50878.16,50842.38,50696.5,50757.57,50649.43,50597.26,50596.84,50728.3,49822.1,49985.7,50090.2,49941.9,50765.7,50743.6,50734,50391.8,1,3
51352.81,51398.13,51362.5,51312.38,51333,51369.79,51353.17,51355.39,51418.03,51479.99,51430.12,51441.14,51450.4,51489.99,51579.5,51513.42,51575.83,51649.99,51739.76,51714.82,51633.07,51600.79,51620,51544.94,51534.28,51500,51511.28,51481.96,51513.67,51481,51004.8,51084.4,51146,50975.6,51462.3,51417.1,51388.9,51464.8,1,9
51479.99,51450.16,51535.66,51666.49,51555.92,51514.85,51515.23,51442.25,51498.66,51505.99,51467.1,51452.42,51472.74,51451.44,51471.02,51528.71,51509.96,51449.09,51409.84,51416.92,51345.6,51340.63,51360.96,51391.02,51383.09,51409.91,51426.02,51407.11,51430.59,51396.04,51122.3,51191,51237.5,51089.5,51605.3,51544.2,51512.6,51579,1,3
51622.7,51641.62,51685.7,51750,51702.04,51769.41,51763.17,51703.44,51751.57,51716.1,51704.06,51752.01,51806.48,51786.65,51856.32,51843.18,51779.31,51818.67,51841.73,51820,51856.04,51928.84,52008.61,51922.17,51834.5,51854.98,51855.79,51794.79,51796.24,51711.36,51225.9,51288.9,51334.9,51134.1,51739.2,51689.1,51670.2,51514.9,1,3
51956.87,51979.74,52030.18,52081.8,52068.64,52112.33,52166.74,52228.33,52248.01,52139.61,52165.14,52168.79,52173.49,52173.97,52073.18,52124.04,52140,52114.51,52081.2,52035.54,52087.33,52058.9,52094,52140.88,52156.01,52167.92,52203.41,52248.05,52233.43,52158.63,51540,51656.4,51738.4,51503.8,52010.7,51972.6,51957.3,51897.6,1,2
51869.34,51881.71,51930,51987.55,51939.28,51890.86,51818.6,51814.27,51773.39,51758.54,51784.13,51816.24,51857.98,51829.97,51883.34,51912.61,51867.04,51950,52006.29,51960.83,51896.33,51992.58,52003.65,52036.79,52047.14,52071.89,52069.33,52083.95,52091.02,52024.8,51436.5,51475,51499.6,51434.5,51943.6,51924.8,51914.7,51868.3,1,3
51983.33,51988,51993.65,52057.92,52065.39,52059.23,52032.89,52015,52039.99,51954.92,51931.48,51942.54,51934.65,51878.85,51877.65,51994.29,51963.41,51876.85,51879.64,51844.54,51811.33,51820.27,51787.94,51827.26,51797.54,51853,51860.66,51853.99,51839.55,51813.04,51660.4,51710.2,51736.8,51808.3,52049.8,52032.8,52024.6,52209.4,1,3
51607.14,51575.01,51615.57,51566.96,51656.22,51712.98,51688.24,51662.06,51693.51,51645.85,51667.04,51669.3,51685.69,51653,51669.26,51649.31,51712.51,51719.26,51735.01,51761.56,51773.19,51749.01,51773.38,51772.55,51704.27,51706.51,51652.76,51692.92,51677.47,51666.98,51306.2,51390.7,51466.5,51126.9,51669.4,51625.1,51605.4,51488.3,1,5
51669.99,51678.37,51690.44,51693.19,51706.54,51712.98,51665.78,51685.08,51714.28,51776.49,51800,51886.01,51823.53,51828.01,51830.8,51834.14,51787.09,51803.66,51791.43,51765.85,51782.89,51780.59,51745.58,51751.65,51736.09,51706.22,51717.59,51697.53,51727.08,51756.67,51516.9,51587,51615.7,51548.6,51801.3,51755.1,51728,51910.2,1,11
52380,52344.33,52288.63,52240,52324.06,52392.56,52639.3,52671.14,52810.86,52682.92,52732.03,52614.37,52624.34,52681.95,52640.46,52677.64,52778.21,52747.91,52656.94,52728.12,52749.89,52752.95,52955.13,52949.99,52876.36,52845.57,52841.76,52826.44,52710.81,52722.49,51510.6,51655.6,51692.2,51642.2,52304.4,52287.7,52278.9,52001.2,1,5
52612.61,52659.82,52614.93,52725.09,52702.85,52687.48,52702.86,52708.37,52695.14,52680.37,52615.01,52664.39,52600.01,52583.42,52660.29,52675.68,52682.03,52760.35,52686.7,52694.09,52671.02,52703.78,52738.51,52713.94,52714.61,52724.01,52771.67,52799.96,52800.04,52859.26,52392.1,52468.1,52517.7,52486.7,52687,52645.6,52624.9,52819.2,1,3
53304.84,53290,53422.12,53527.97,53471.53,53601.63,53662,53739.04,53655.5,53700.09,53642.98,53567.67,53650.87,53739.66,53660.87,53677.4,53617.45,53591.69,53623.26,53661.49,53695.61,53746.7,53779.98,53732.03,53726.76,53696.08,53769.28,53825.71,53863.19,53728.51,52810.8,52865.4,52894,52875.5,53506.9,53475,53453.9,53239.8,1,3
55552.74,55593.96,55733.86,55850.01,55859.99,55913.8,55884.41,55866.1,55887.9,55802.04,55827.49,55822.72,55848.18,55819.52,55845.48,55865.01,55869.99,55846.25,55830.29,55800.01,55802.27,55800.01,55757.65,55799.81,55840.76,55849.58,55850,55869.97,55895.31,55857.94,55299.8,55384,55436.3,55054.8,55661.7,55624.9,55607.2,55476.1,1,2
56434.01,56459.31,56400,56380,56333.28,56419.73,56364.99,56414.02,56471.44,56392.24,56429.65,56420,56452.79,56441.36,56490,56591.05,56570.01,56570.02,56600.88,56536.14,56572.92,56635.79,56643.88,56594.25,56498,56544.01,56500,56457.8,56440.99,56435.65,55559.9,55827,55995.3,55472.5,56465.3,56398,56374.3,56063.4,1,8
56471.58,56469.96,56400.66,56389.07,56487.66,56524.29,56560.08,56595.66,56671.56,56803,56843.78,56800,56816.98,56773.21,56753.66,56700.01,56696.91,56671.81,56657.6,56622.09,56594.47,56575.57,56674.46,56635.06,56630.7,56600,56593.79,56573.49,56597.69,56540.63,56105.4,56244.7,56342.5,56081.2,56630.4,56560.5,56528.3,56634.7,1,9
56617.11,56597.85,56610.22,56637.71,56605.32,56541.71,56626.15,56654.94,56580.4,56672.44,56700.02,56753.46,56753.41,56800,56899.96,56850,56784.67,56824.24,56785.43,56683.92,56717.28,56805.2,56716.21,56816.99,56808.99,56840.88,56839.79,56811.72,56864.78,56810.25,56104.7,56184.1,56235,56175.8,56733.7,56687.4,56664,56726.6,1,11
57200.31,57272.04,57306.08,57417.68,57407.58,57350,57400.71,57413.34,57380,57351.39,57305.39,57293.26,57308.91,57264.86,57251.41,57204.12,57272.87,57135.27,57091.88,57181.15,57141.66,57184.6,57204.17,57226.68,57289.43,57311.25,57365.96,57400,57381.13,57484.29,56749.6,56837.3,56904.7,57045,57300.8,57232.9,57204.6,57501.8,1,2
57383.78,57428.57,57505.9,57538.02,57524.07,57489.46,57476.04,57450,57427.37,57455.16,57463.85,57406.54,57460.91,57498.19,57549.96,57606.79,57578.23,57692.91,57669.02,57706.81,57672.94,57742.76,57773.52,57690.01,57735.38,57579.9,57651.85,57712.24,57733.96,57667.73,56898.9,56971.9,57024.1,57127.6,57468.1,57414.8,57388.2,57595.4,1,2
52948.43,53279.99,53335.15,53402.2,53253.21,53305.13,53275.72,53350.01,53286.1,53228.42,53350.43,53290.84,53365.42,53517.68,53600.9,53657.33,53638.7,53550,53413.99,53412.47,53492.57,53365.8,53322.47,53300,53335.86,53479.03,53579.15,53490.55,53454.9,53467.22,51662.5,52226.7,52562.5,51745.6,53386.9,53233.2,53160.2,53156.5,1,3
54416.65,54430.19,54426.11,54426.89,54259.73,54164.58,54307.8,54509.17,54448.64,54335.76,54482.08,54534.38,54542.99,54477.94,54602.67,54649.9,54578.35,54654.34,54700,54640.98,54737.14,54762.35,54799.98,54827,54804.66,54822.37,54835.95,54843.31,54883.16,54678.24,53191.1,53608.3,53925.1,52894.6,54498.8,54432.7,54414,54220.3,1,7
46119.95,46004.05,45905.67,46188.32,46023.88,46266.22,46710.75,47458.94,48462.34,48033.93,47816.48,47932.58,47751.3,47684.37,48309.72,48450.51,48405.3,48671.39,48536.42,48240.12,48338.99,48919.04,49200,48819.37,49123.4,49365.87,49140.29,48953.8,48670.21,48553.99,45515.9,45884.4,46046.6,45466.8,47375.3,46849.1,46556.6,47166.5,1,7
48047.34,48388.75,48416.37,48341.13,47913.84,48073.98,48021.57,48015.93,47794.81,47683.69,47457.4,47693.13,47797.36,47941.48,48098.61,47975.56,47921.47,47943.95,48086.18,48089.67,47979.24,48037.34,48229.97,48009.21,48181.94,48039.85,48026.42,48090.27,48045.96,48070.56,46685.4,46926.4,47082.3,46148.9,48174.7,48092.8,48058.6,47684.1,1,1
47973.12,48068.44,47984.43,47803.24,47781.64,47887.47,47920,48048.07,48199.62,48205.65,48290.31,48239.07,48199.99,48308.23,48375.72,48397.34,48437.65,48694.93,48710.27,48618.93,48540.99,48534.49,48313.93,48417.66,48223.97,48158.93,48050.98,48124.61,48187.51,48109.76,46928.6,47254.2,47512.2,47430.7,48203.1,48090.4,48017.1,48880.1,1,9
48999.67,48900.01,48810.4,49002.5,48979.99,49292.73,49167.36,49125.41,49277.12,49406.04,49510.19,49570.64,49787.88,49719.52,49888.87,49851.55,49725.41,49697.44,49779.04,49629.01,49661.7,49550.01,49759.46,49782.17,49754.46,49941.01,49892.66,50055.81,50191.6,49995.56,47583.8,48089.2,48279.1,47996.6,49285.1,49168.6,49119.8,49167.8,1,5
49999.99,50232.45,50386.28,50520.34,50397.37,50415.18,50389.91,50350.74,50305.73,50146.55,49999.99,50143.75,50169.99,50286.16,50129.29,50128,50025.24,49892.52,50064.28,49950.68,49994,49907.87,49863.95,49814.86,49974.41,49978.6,49995.63,50059.01,50008.52,50089.67,48091.2,48736.6,49184.9,48500.4,50211.7,50093.2,50046.4,49661.9,1,1
50863.09,50902.97,50856.64,50760.12,50809.97,50886.05,51023.13,51095.47,51182.23,51147.6,51043.41,51181.95,51300,51229.02,51149.08,51072.9,51017.74,51088.93,50911.12,50935.87,50883.3,50860.59,50868.1,50857.6,50864.52,50831.78,50841.34,50844.01,50847.51,50989.16,50009.3,50221.5,50312.2,50204.4,50866.6,50833.2,50814.7,51077.9,1,5
48827.17,48943.17,49171.75,49150.04,49454.7,49339.7,49409.2,49379.4,49401.74,49285.28,49300.01,49291.33,49260.01,49351.71,49210.42,49157.43,49150,49249.99,49150.01,49218.48,49373.26,49280.83,49404.53,49326.48,49363.35,49444.17,49311.02,49214.26,49309.66,49414.68,48508.7,48642.8,48717,48353.5,49059.6,48958.2,48880.2,49051.8,1,2
49493.13,49387.88,49419.52,49355.46,49560.51,49696.45,49607.47,49588.12,49552.84,49536.15,49584.55,49482.64,49548.4,49555.1,49666.66,49617.51,49606.59,49666.82,49653.58,49602.64,49574.47,49621.55,49526.47,49538.05,49512.47,49636.82,49635.26,49681.26,49676.2,49758.46,48945.6,49065.5,49115.6,48414.5,49536.5,49478.8,49446.1,49108.4,1,5
