timestamp,open,high,low,close,volume
2021-02-17 22:48:47.864,51974.2,52125.0,51965.3,52043.9,188.311
2021-02-17 22:48:50.315,51974.2,52125.0,51965.3,52043.2,189.29
2021-02-17 22:48:52.503,51974.2,52125.0,51965.3,52043.6,189.906
2021-02-17 22:48:54.564,51974.2,52125.0,51965.3,52043.2,189.98
2021-02-17 22:48:56.838,51974.2,52125.0,51965.3,52046.2,190.148
2021-02-17 22:48:58.889,51974.2,52125.0,51965.3,52046.2,190.794
2021-02-17 22:49:00.894,51974.2,52125.0,51965.3,52046.2,190.875
2021-02-17 22:49:03.091,51974.2,52125.0,51965.3,52046.2,191.061
2021-02-17 22:49:05.096,51974.2,52125.0,51965.3,52046.2,191.257
2021-02-17 22:49:07.326,51974.2,52125.0,51965.3,52046.2,191.475
2021-02-17 22:49:09.356,51974.2,52125.0,51965.3,52040.5,192.186
2021-02-17 22:49:11.382,51974.2,52125.0,51965.3,52040.5,192.708
2021-02-17 22:49:13.891,51974.2,52125.0,51965.3,52040.5,193.351
2021-02-17 22:49:16.102,51974.2,52125.0,51965.3,52038.7,193.87
2021-02-17 22:49:18.357,51974.2,52125.0,51965.3,52034.1,194.232
2021-02-17 22:49:20.382,51974.2,52125.0,51965.3,52032.4,194.83
2021-02-17 22:49:22.403,51974.2,52125.0,51965.3,52032.4,196.043
2021-02-17 22:49:24.407,51974.2,52125.0,51965.3,52032.4,196.537
2021-02-17 22:49:26.934,51974.2,52125.0,51965.3,52032.4,197.395
2021-02-17 22:49:28.992,51974.2,52125.0,51965.3,52029.9,197.756
2021-02-17 22:49:31.207,51974.2,52125.0,51965.3,52029.0,197.915
2021-02-17 22:49:33.678,51974.2,52125.0,51965.3,52029.0,197.992
2021-02-17 22:49:35.791,51974.2,52125.0,51965.3,52030.0,198.896
2021-02-17 22:49:37.960,51974.2,52125.0,51965.3,52028.0,200.059
2021-02-17 22:49:40.234,51974.2,52125.0,51965.3,52028.0,200.52
2021-02-17 22:49:42.663,51974.2,52125.0,51965.3,52028.0,200.793
2021-02-17 22:49:44.690,51974.2,52125.0,51965.3,52028.0,200.925
2021-02-17 22:49:46.956,51974.2,52125.0,51965.3,52020.9,201.133
2021-02-17 22:49:48.975,51974.2,52125.0,51965.3,52020.9,201.203
2021-02-17 22:49:50.981,51974.2,52125.0,51965.3,52020.9,203.104
2021-02-17 22:49:53.108,51974.2,52125.0,51965.3,52020.0,203.202
2021-02-17 22:49:55.110,51974.2,52125.0,51965.3,52020.0,203.295
2021-02-17 22:49:57.178,51974.2,52125.0,51965.3,52014.7,203.813
2021-02-17 22:49:59.212,51974.2,52125.0,51965.3,52013.8,204.026
2021-02-17 22:50:01.230,51974.2,52125.0,51965.3,52010.1,204.729
2021-02-17 22:50:03.368,51974.2,52125.0,51965.3,52003.9,206.502
2021-02-17 22:50:05.523,51974.2,52125.0,51965.3,52003.1,207.314
2021-02-17 22:50:08.020,51974.2,52125.0,51965.3,52003.1,207.397
2021-02-17 22:50:10.020,51974.2,52125.0,51965.3,52006.7,207.799
2021-02-17 22:50:12.024,51974.2,52125.0,51965.3,52008.4,207.951
2021-02-17 22:50:14.120,51974.2,52125.0,51965.3,52016.0,208.691
2021-02-17 22:50:16.352,51974.2,52125.0,51965.3,52003.7,210.428
2021-02-17 22:50:18.450,51974.2,52125.0,51965.3,52003.7,210.773
2021-02-17 22:50:20.861,51974.2,52125.0,51965.3,52000.0,211.176
2021-02-17 22:50:22.986,51974.2,52125.0,51965.3,52000.0,212.046
2021-02-17 22:50:24.995,51974.2,52125.0,51893.3,51981.4,269.779
2021-02-17 22:50:26.998,51974.2,52125.0,51893.3,52006.7,281.089
2021-02-17 22:50:29.002,51974.2,52125.0,51893.3,52017.3,286.041
2021-02-17 22:50:31.002,51974.2,52125.0,51893.3,52021.1,289.975
2021-02-17 22:50:33.018,51974.2,52125.0,51893.3,52020.9,291.076
2021-02-17 22:50:35.071,51974.2,52125.0,51893.3,52011.9,293.056
2021-02-17 22:50:37.124,51974.2,52125.0,51893.3,52015.6,294.402
2021-02-17 22:50:39.145,51974.2,52125.0,51893.3,52019.0,297.688
2021-02-17 22:50:41.192,51974.2,52125.0,51893.3,52019.0,300.28
2021-02-17 22:50:43.265,51974.2,52125.0,51893.3,52017.0,300.8
2021-02-17 22:50:45.340,51974.2,52125.0,51893.3,52020.0,302.017
2021-02-17 22:50:47.340,51974.2,52125.0,51893.3,52031.8,303.042
2021-02-17 22:50:49.357,51974.2,52125.0,51893.3,52032.2,305.134
2021-02-17 22:50:51.366,51974.2,52125.0,51893.3,52022.1,307.888
2021-02-17 22:50:53.373,51974.2,52125.0,51893.3,52022.1,311.284
2021-02-17 22:50:55.395,51974.2,52125.0,51893.3,52034.1,313.304
2021-02-17 22:50:57.446,51974.2,52125.0,51893.3,52029.1,315.637
2021-02-17 22:51:00.080,51974.2,52125.0,51893.3,52028.6,315.813
2021-02-17 22:51:02.156,51974.2,52125.0,51893.3,52022.5,317.274
2021-02-17 22:51:04.162,51974.2,52125.0,51893.3,52022.5,317.456
2021-02-17 22:51:06.169,51974.2,52125.0,51893.3,52018.2,319.178
2021-02-17 22:51:08.194,51974.2,52125.0,51893.3,52018.4,320.322
2021-02-17 22:51:10.200,51974.2,52125.0,51893.3,52015.6,321.005
2021-02-17 22:51:12.349,51974.2,52125.0,51893.3,52010.7,321.665
2021-02-17 22:51:14.654,51974.2,52125.0,51893.3,52009.8,321.924
2021-02-17 22:51:16.787,51974.2,52125.0,51893.3,52007.5,322.882
2021-02-17 22:51:19.139,51974.2,52125.0,51893.3,52009.8,323.094
2021-02-17 22:51:21.175,51974.2,52125.0,51893.3,52017.2,325.713
2021-02-17 22:51:23.241,51974.2,52125.0,51893.3,52017.2,326.047
2021-02-17 22:51:25.325,51974.2,52125.0,51893.3,52019.3,326.903
2021-02-17 22:51:27.326,51974.2,52125.0,51893.3,52019.3,327.302
2021-02-17 22:51:29.333,51974.2,52125.0,51893.3,52021.1,327.551
2021-02-17 22:51:31.492,51974.2,52125.0,51893.3,52023.1,328.889
2021-02-17 22:51:33.535,51974.2,52125.0,51893.3,52021.7,329.337
2021-02-17 22:51:35.752,51974.2,52125.0,51893.3,52023.4,329.93
2021-02-17 22:51:37.769,51974.2,52125.0,51893.3,52037.0,332.041
2021-02-17 22:51:39.875,51974.2,52125.0,51893.3,52042.0,332.576
2021-02-17 22:51:41.930,51974.2,52125.0,51893.3,52054.1,333.864
2021-02-17 22:51:43.958,51974.2,52125.0,51893.3,52073.7,336.099
2021-02-17 22:51:45.976,51974.2,52125.0,51893.3,52075.7,336.799
2021-02-17 22:51:47.985,51974.2,52125.0,51893.3,52079.6,337.764
2021-02-17 22:51:50.179,51974.2,52125.0,51893.3,52096.6,341.346
2021-02-17 22:51:52.282,51974.2,52125.0,51893.3,52091.5,345.7
2021-02-17 22:51:54.282,51974.2,52125.0,51893.3,52091.0,346.294
2021-02-17 22:51:56.355,51974.2,52125.0,51893.3,52090.3,346.721
2021-02-17 22:51:58.359,51974.2,52125.0,51893.3,52102.2,347.886
2021-02-17 22:52:00.365,51974.2,52125.0,51893.3,52102.4,348.52
2021-02-17 22:52:02.383,51974.2,52125.0,51893.3,52102.4,348.593
2021-02-17 22:52:04.500,51974.2,52125.0,51893.3,52091.7,348.808
2021-02-17 22:52:06.696,51974.2,52125.0,51893.3,52068.6,351.015
2021-02-17 22:52:08.701,51974.2,52125.0,51893.3,52060.9,352.432
2021-02-17 22:52:10.926,51974.2,52125.0,51893.3,52060.9,353.069
2021-02-17 22:52:12.968,51974.2,52125.0,51893.3,52049.7,353.626
2021-02-17 22:52:15.085,51974.2,52125.0,51893.3,52046.7,354.082
2021-02-17 22:52:17.264,51974.2,52125.0,51893.3,52049.6,354.508
2021-02-17 22:52:19.488,51974.2,52125.0,51893.3,52059.4,354.842
2021-02-17 22:52:21.498,51974.2,52125.0,51893.3,52063.2,355.117
2021-02-17 22:52:23.535,51974.2,52125.0,51893.3,52058.2,356.663
2021-02-17 22:52:26.108,51974.2,52125.0,51893.3,52058.3,357.177
2021-02-17 22:52:28.164,51974.2,52125.0,51893.3,52055.1,357.701
2021-02-17 22:52:30.164,51974.2,52125.0,51893.3,52055.1,358.369
2021-02-17 22:52:32.379,51974.2,52125.0,51893.3,52055.1,358.756
2021-02-17 22:52:34.590,51974.2,52125.0,51893.3,52063.2,358.951
2021-02-17 22:52:36.773,51974.2,52125.0,51893.3,52063.2,359.795
2021-02-17 22:52:38.998,51974.2,52125.0,51893.3,52066.4,360.171
2021-02-17 22:52:41.037,51974.2,52125.0,51893.3,52062.4,360.563
2021-02-17 22:52:43.277,51974.2,52125.0,51893.3,52064.8,361.051
2021-02-17 22:52:45.296,51974.2,52125.0,51893.3,52066.4,361.41
2021-02-17 22:52:47.657,51974.2,52125.0,51893.3,52064.8,361.63
2021-02-17 22:52:49.743,51974.2,52125.0,51893.3,52066.5,362.422
2021-02-17 22:52:51.746,51974.2,52125.0,51893.3,52069.1,362.617
2021-02-17 22:52:54.237,51974.2,52125.0,51893.3,52067.2,362.966
2021-02-17 22:52:56.382,51974.2,52125.0,51893.3,52066.5,363.256
2021-02-17 22:52:58.400,51974.2,52125.0,51893.3,52067.7,363.397
2021-02-17 22:53:00.490,51974.2,52125.0,51893.3,52061.1,366.396
2021-02-17 22:53:02.858,51974.2,52125.0,51893.3,52062.3,366.686
2021-02-17 22:53:04.977,51974.2,52125.0,51893.3,52062.3,366.788
2021-02-17 22:53:07.065,51974.2,52125.0,51893.3,52062.4,367.088
2021-02-17 22:53:09.161,51974.2,52125.0,51893.3,52063.8,368.252
2021-02-17 22:53:11.172,51974.2,52125.0,51893.3,52063.8,369.467
2021-02-17 22:53:13.191,51974.2,52125.0,51893.3,52062.3,369.708
2021-02-17 22:53:15.250,51974.2,52125.0,51893.3,52062.3,369.957
2021-02-17 22:53:17.354,51974.2,52125.0,51893.3,52062.3,370.081
2021-02-17 22:53:19.487,51974.2,52125.0,51893.3,52063.8,370.292
2021-02-17 22:53:21.490,51974.2,52125.0,51893.3,52063.0,370.354
2021-02-17 22:53:23.536,51974.2,52125.0,51893.3,52062.3,370.697
2021-02-17 22:53:26.172,51974.2,52125.0,51893.3,52062.3,370.864
2021-02-17 22:53:28.258,51974.2,52125.0,51893.3,52064.0,371.818
2021-02-17 22:53:30.450,51974.2,52125.0,51893.3,52079.2,372.403
2021-02-17 22:53:32.453,51974.2,52125.0,51893.3,52108.1,378.004
2021-02-17 22:53:34.457,51974.2,52125.0,51893.3,52112.6,379.101
2021-02-17 22:53:36.473,51974.2,52125.0,51893.3,52116.9,379.847
2021-02-17 22:53:38.555,51974.2,52125.0,51893.3,52117.6,380.283
2021-02-17 22:53:40.567,51974.2,52125.0,51893.3,52121.4,381.281
2021-02-17 22:53:42.581,51974.2,52128.6,51893.3,52116.6,383.037
2021-02-17 22:53:44.763,51974.2,52128.6,51893.3,52117.6,384.446
2021-02-17 22:53:46.772,51974.2,52131.7,51893.3,52122.2,385.221
2021-02-17 22:53:48.826,51974.2,52131.7,51893.3,52105.1,386.827
2021-02-17 22:53:50.859,51974.2,52131.7,51893.3,52087.9,387.762
2021-02-17 22:53:53.063,51974.2,52131.7,51893.3,52082.6,389.14
2021-02-17 22:53:55.191,51974.2,52131.7,51893.3,52093.2,389.701
2021-02-17 22:53:57.211,51974.2,52131.7,51893.3,52089.8,389.986
2021-02-17 22:53:59.220,51974.2,52131.7,51893.3,52093.1,390.325
2021-02-17 22:54:01.234,51974.2,52131.7,51893.3,52090.2,391.507
2021-02-17 22:54:03.308,51974.2,52131.7,51893.3,52083.7,391.774
2021-02-17 22:54:05.497,51974.2,52131.7,51893.3,52088.7,392.056
2021-02-17 22:54:07.611,51974.2,52131.7,51893.3,52091.4,392.186
2021-02-17 22:54:09.753,51974.2,52131.7,51893.3,52087.8,392.49
2021-02-17 22:54:11.943,51974.2,52131.7,51893.3,52093.5,392.646
2021-02-17 22:54:13.957,51974.2,52131.7,51893.3,52093.5,392.721
2021-02-17 22:54:16.023,51974.2,52131.7,51893.3,52093.2,393.676
2021-02-17 22:54:18.087,51974.2,52131.7,51893.3,52099.5,394.336
2021-02-17 22:54:20.104,51974.2,52131.7,51893.3,52099.7,394.447
2021-02-17 22:54:22.469,51974.2,52131.7,51893.3,52099.7,394.719
2021-02-17 22:54:24.476,51974.2,52131.7,51893.3,52103.2,395.712
2021-02-17 22:54:26.581,51974.2,52131.7,51893.3,52099.5,396.687
2021-02-17 22:54:28.608,51974.2,52131.7,51893.3,52099.5,397.387
2021-02-17 22:54:30.620,51974.2,52131.7,51893.3,52099.7,397.534
2021-02-17 22:54:32.881,51974.2,52131.7,51893.3,52100.8,397.864
2021-02-17 22:54:34.892,51974.2,52131.7,51893.3,52100.8,397.981
2021-02-17 22:54:36.932,51974.2,52131.7,51893.3,52103.1,401.398
2021-02-17 22:54:38.955,51974.2,52131.7,51893.3,52103.1,401.751
2021-02-17 22:54:41.028,51974.2,52131.7,51893.3,52103.1,402.216
2021-02-17 22:54:43.099,51974.2,52131.7,51893.3,52102.6,402.776
2021-02-17 22:54:45.131,51974.2,52131.7,51893.3,52099.0,405.25
2021-02-17 22:54:47.212,51974.2,52131.7,51893.3,52092.5,405.456
2021-02-17 22:54:49.495,51974.2,52131.7,51893.3,52096.5,406.24
2021-02-17 22:54:51.543,51974.2,52131.7,51893.3,52092.2,406.414
2021-02-17 22:54:53.795,51974.2,52131.7,51893.3,52102.5,408.012
2021-02-17 22:54:55.809,51974.2,52131.7,51893.3,52105.4,408.364
2021-02-17 22:54:58.101,51974.2,52131.7,51893.3,52106.6,408.389
2021-02-17 22:55:00.122,51974.2,52131.7,51893.3,52108.1,408.483
2021-02-17 22:55:02.497,51974.2,52131.7,51893.3,52102.5,409.617
2021-02-17 22:55:04.625,51974.2,52131.7,51893.3,52101.0,411.579
2021-02-17 22:55:06.628,51974.2,52131.7,51893.3,52099.9,411.778
2021-02-17 22:55:08.644,51974.2,52131.7,51893.3,52097.4,412.568
2021-02-17 22:55:10.868,51974.2,52131.7,51893.3,52097.4,412.971
2021-02-17 22:55:12.913,51974.2,52131.7,51893.3,52097.4,413.136
2021-02-17 22:55:14.920,51974.2,52131.7,51893.3,52103.9,413.625
2021-02-17 22:55:17.319,51974.2,52131.7,51893.3,52116.9,414.415
2021-02-17 22:55:19.878,51974.2,52131.7,51893.3,52115.3,415.05
2021-02-17 22:55:22.169,51974.2,52131.7,51893.3,52116.5,415.386
2021-02-17 22:55:24.222,51974.2,52131.7,51893.3,52113.8,415.737
2021-02-17 22:55:26.344,51974.2,52131.7,51893.3,52113.8,416.512
2021-02-17 22:55:28.552,51974.2,52131.7,51893.3,52115.1,416.534
2021-02-17 22:55:30.670,51974.2,52131.7,51893.3,52116.1,416.814
2021-02-17 22:55:32.814,51974.2,52131.7,51893.3,52116.0,416.87
2021-02-17 22:55:35.008,51974.2,52131.7,51893.3,52115.1,416.963
2021-02-17 22:55:37.106,51974.2,52131.7,51893.3,52115.1,417.179
2021-02-17 22:55:39.218,51974.2,52131.7,51893.3,52115.1,417.402
2021-02-17 22:55:41.246,51974.2,52131.7,51893.3,52125.6,418.557
2021-02-17 22:55:43.302,51974.2,52131.7,51893.3,52125.6,418.677
2021-02-17 22:55:45.323,51974.2,52131.7,51893.3,52120.3,419.816
2021-02-17 22:55:47.802,51974.2,52131.7,51893.3,52112.0,420.749
2021-02-17 22:55:49.858,51974.2,52131.7,51893.3,52120.2,421.353
2021-02-17 22:55:51.868,51974.2,52131.7,51893.3,52116.8,421.826
2021-02-17 22:55:53.984,51974.2,52131.7,51893.3,52121.6,421.982
2021-02-17 22:55:56.023,51974.2,52131.7,51893.3,52121.6,422.147
2021-02-17 22:55:58.024,51974.2,52131.7,51893.3,52117.0,422.401
2021-02-17 22:56:00.144,51974.2,52131.7,51893.3,52116.8,422.733
2021-02-17 22:56:02.390,51974.2,52131.7,51893.3,52119.4,423.458
2021-02-17 22:56:04.412,51974.2,52131.7,51893.3,52119.9,423.702
2021-02-17 22:56:06.483,51974.2,52131.7,51893.3,52117.0,424.866
2021-02-17 22:56:08.670,51974.2,52131.7,51893.3,52111.1,425.249
2021-02-17 22:56:10.703,51974.2,52131.7,51893.3,52120.4,426.568
2021-02-17 22:56:12.938,51974.2,52131.7,51893.3,52120.3,427.321
2021-02-17 22:56:15.065,51974.2,52131.7,51893.3,52120.3,427.427
2021-02-17 22:56:17.113,51974.2,52131.7,51893.3,52129.0,427.856
2021-02-17 22:56:19.271,51974.2,52131.7,51893.3,52131.0,427.99
2021-02-17 22:56:21.451,51974.2,52131.7,51893.3,52131.0,428.072
2021-02-17 22:56:23.454,51974.2,52137.5,51893.3,52137.5,428.343
2021-02-17 22:56:25.455,51974.2,52147.4,51893.3,52147.4,429.689
2021-02-17 22:56:27.460,51974.2,52147.4,51893.3,52147.4,429.816
2021-02-17 22:56:29.488,51974.2,52147.4,51893.3,52147.4,429.971
2021-02-17 22:56:31.572,51974.2,52150.0,51893.3,52147.4,430.298
2021-02-17 22:56:33.661,51974.2,52150.0,51893.3,52143.9,430.422
2021-02-17 22:56:35.712,51974.2,52150.0,51893.3,52141.7,430.632
2021-02-17 22:56:37.759,51974.2,52150.0,51893.3,52141.7,430.881
2021-02-17 22:56:39.820,51974.2,52150.0,51893.3,52137.5,431.48
2021-02-17 22:56:42.050,51974.2,52150.0,51893.3,52123.8,435.173
2021-02-17 22:56:44.146,51974.2,52150.0,51893.3,52121.6,435.698
2021-02-17 22:56:46.607,51974.2,52150.0,51893.3,52121.7,436.099
2021-02-17 22:56:48.704,51974.2,52150.0,51893.3,52123.8,436.313
2021-02-17 22:56:50.716,51974.2,52150.0,51893.3,52124.7,436.844
2021-02-17 22:56:52.904,51974.2,52150.0,51893.3,52131.0,437.196
2021-02-17 22:56:55.274,51974.2,52150.0,51893.3,52132.0,437.319
2021-02-17 22:56:57.388,51974.2,52150.0,51893.3,52139.7,439.146
2021-02-17 22:56:59.542,51974.2,52150.0,51893.3,52134.9,439.538
2021-02-17 22:57:01.574,51974.2,52150.0,51893.3,52126.5,439.908
2021-02-17 22:57:03.576,51974.2,52150.0,51893.3,52121.0,440.409
2021-02-17 22:57:05.647,51974.2,52150.0,51893.3,52120.3,441.318
2021-02-17 22:57:07.671,51974.2,52150.0,51893.3,52118.0,444.462
2021-02-17 22:57:10.037,51974.2,52150.0,51893.3,52113.1,445.011
2021-02-17 22:57:12.056,51974.2,52150.0,51893.3,52116.4,445.374
2021-02-17 22:57:14.138,51974.2,52150.0,51893.3,52115.1,445.621
2021-02-17 22:57:16.221,51974.2,52150.0,51893.3,52103.2,447.989
2021-02-17 22:57:18.250,51974.2,52150.0,51893.3,52107.1,448.513
2021-02-17 22:57:20.739,51974.2,52150.0,51893.3,52111.5,448.899
2021-02-17 22:57:22.740,51974.2,52150.0,51893.3,52111.5,449.091
2021-02-17 22:57:24.794,51974.2,52150.0,51893.3,52111.5,449.332
2021-02-17 22:57:26.830,51974.2,52150.0,51893.3,52103.8,449.938
2021-02-17 22:57:28.894,51974.2,52150.0,51893.3,52081.8,453.883
2021-02-17 22:57:30.912,51974.2,52150.0,51893.3,52080.2,454.421
2021-02-17 22:57:33.271,51974.2,52150.0,51893.3,52080.3,455.764
2021-02-17 22:57:35.692,51974.2,52150.0,51893.3,52072.2,456.451
2021-02-17 22:57:37.694,51974.2,52150.0,51893.3,52070.0,456.824
2021-02-17 22:57:39.782,51974.2,52150.0,51893.3,52072.1,458.357
2021-02-17 22:57:41.806,51974.2,52150.0,51893.3,52072.1,460.849
2021-02-17 22:57:43.817,51974.2,52150.0,51893.3,52070.0,460.954
2021-02-17 22:57:45.823,51974.2,52150.0,51893.3,52070.0,461.249
2021-02-17 22:57:48.023,51974.2,52150.0,51893.3,52070.0,461.43
2021-02-17 22:57:50.036,51974.2,52150.0,51893.3,52070.0,461.63
2021-02-17 22:57:52.138,51974.2,52150.0,51893.3,52070.0,462.319
2021-02-17 22:57:54.223,51974.2,52150.0,51893.3,52070.0,462.433
2021-02-17 22:57:56.261,51974.2,52150.0,51893.3,52069.5,462.998
2021-02-17 22:57:58.294,51974.2,52150.0,51893.3,52062.4,463.533
2021-02-17 22:58:00.300,51974.2,52150.0,51893.3,52055.1,464.871
2021-02-17 22:58:02.319,51974.2,52150.0,51893.3,52054.9,465.143
2021-02-17 22:58:04.325,51974.2,52150.0,51893.3,52046.4,465.526
2021-02-17 22:58:06.390,51974.2,52150.0,51893.3,52042.5,466.215
2021-02-17 22:58:08.524,51974.2,52150.0,51893.3,52040.9,467.201
2021-02-17 22:58:10.545,51974.2,52150.0,51893.3,52033.9,467.786
2021-02-17 22:58:12.626,51974.2,52150.0,51893.3,52040.8,468.166
2021-02-17 22:58:14.626,51974.2,52150.0,51893.3,52036.0,468.918
2021-02-17 22:58:17.099,51974.2,52150.0,51893.3,52035.1,469.219
2021-02-17 22:58:19.126,51974.2,52150.0,51893.3,52029.8,470.676
2021-02-17 22:58:21.200,51974.2,52150.0,51893.3,52030.4,471.605
2021-02-17 22:58:23.400,51974.2,52150.0,51893.3,52030.4,472.632
2021-02-17 22:58:25.715,51974.2,52150.0,51893.3,52030.4,472.79
2021-02-17 22:58:27.716,51974.2,52150.0,51893.3,52057.3,474.732
2021-02-17 22:58:29.718,51974.2,52150.0,51893.3,52066.4,476.12
2021-02-17 22:58:31.804,51974.2,52150.0,51893.3,52069.9,476.682
2021-02-17 22:58:34.193,51974.2,52150.0,51893.3,52070.8,476.906
2021-02-17 22:58:36.267,51974.2,52150.0,51893.3,52071.4,476.98
2021-02-17 22:58:38.465,51974.2,52150.0,51893.3,52074.0,477.071
2021-02-17 22:58:40.467,51974.2,52150.0,51893.3,52074.0,477.884
2021-02-17 22:58:42.519,51974.2,52150.0,51893.3,52082.2,479.107
2021-02-17 22:58:44.890,51974.2,52150.0,51893.3,52082.1,479.497
2021-02-17 22:58:46.935,51974.2,52150.0,51893.3,52078.4,479.792
2021-02-17 22:58:48.942,51974.2,52150.0,51893.3,52098.8,481.257
2021-02-17 22:58:51.005,51974.2,52150.0,51893.3,52093.2,481.519
2021-02-17 22:58:53.085,51974.2,52150.0,51893.3,52098.5,482.723
2021-02-17 22:58:55.220,51974.2,52150.0,51893.3,52098.5,482.886
2021-02-17 22:58:57.237,51974.2,52150.0,51893.3,52098.5,483.126
2021-02-17 22:58:59.289,51974.2,52150.0,51893.3,52100.0,483.343
2021-02-17 22:59:01.512,51974.2,52150.0,51893.3,52101.4,483.684
2021-02-17 22:59:03.693,51974.2,52150.0,51893.3,52103.9,484.307
2021-02-17 22:59:05.885,51974.2,52150.0,51893.3,52103.9,484.428
2021-02-17 22:59:07.998,51974.2,52150.0,51893.3,52104.9,484.466
2021-02-17 22:59:10.474,51974.2,52150.0,51893.3,52104.4,485.114
2021-02-17 22:59:12.591,51974.2,52150.0,51893.3,52104.9,487.004
2021-02-17 22:59:14.599,51974.2,52150.0,51893.3,52109.4,487.396
2021-02-17 22:59:16.598,51974.2,52150.0,51893.3,52121.6,490.132
2021-02-17 22:59:18.608,51974.2,52150.0,51893.3,52120.4,495.629
2021-02-17 22:59:20.825,51974.2,52150.0,51893.3,52121.6,496.473
2021-02-17 22:59:22.839,51974.2,52150.0,51893.3,52123.8,498.395
2021-02-17 22:59:24.839,51974.2,52150.0,51893.3,52123.8,498.681
2021-02-17 22:59:26.950,51974.2,52150.0,51893.3,52123.8,499.271
2021-02-17 22:59:28.976,51974.2,52150.0,51893.3,52129.7,499.403
2021-02-17 22:59:31.133,51974.2,52150.0,51893.3,52120.5,506.298
2021-02-17 22:59:33.409,51974.2,52150.0,51893.3,52109.5,508.717
2021-02-17 22:59:35.654,51974.2,52150.0,51893.3,52105.7,508.943
2021-02-17 22:59:37.733,51974.2,52150.0,51893.3,52103.9,509.51
2021-02-17 22:59:40.029,51974.2,52150.0,51893.3,52103.9,509.564
2021-02-17 22:59:42.293,51974.2,52150.0,51893.3,52094.2,510.142
2021-02-17 22:59:44.514,51974.2,52150.0,51893.3,52096.7,510.469
2021-02-17 22:59:46.559,51974.2,52150.0,51893.3,52098.9,510.565
2021-02-17 22:59:48.711,51974.2,52150.0,51893.3,52096.5,510.835
2021-02-17 22:59:50.713,51974.2,52150.0,51893.3,52104.4,512.355
2021-02-17 22:59:53.433,51974.2,52150.0,51893.3,52104.4,512.557
2021-02-17 22:59:55.556,51974.2,52150.0,51893.3,52104.4,512.608
2021-02-17 22:59:57.727,51974.2,52150.0,51893.3,52104.4,513.178
2021-02-17 22:59:59.749,51974.2,52150.0,51893.3,52104.4,513.209
2021-02-17 22:59:59.999,51974.2,52150.0,51893.3,52104.4,513.213
2021-02-17 23:00:02.340,52104.4,52104.6,52104.4,52104.4,1.24016
2021-02-17 23:00:04.351,52104.4,52104.6,52070.8,52070.9,18.8575
2021-02-17 23:00:06.378,52104.4,52104.6,52050.0,52052.4,20.4819
2021-02-17 23:00:08.515,52104.4,52104.6,52050.0,52050.0,21.2716
2021-02-17 23:00:10.540,52104.4,52104.6,52050.0,52050.0,25.1738
2021-02-17 23:00:12.642,52104.4,52104.6,52032.0,52038.5,25.9771
2021-02-17 23:00:14.719,52104.4,52104.6,52019.4,52029.8,26.937
2021-02-17 23:00:16.734,52104.4,52104.6,52019.4,52029.6,27.6096
2021-02-17 23:00:18.757,52104.4,52104.6,52017.2,52042.7,30.63
2021-02-17 23:00:20.786,52104.4,52104.6,52017.2,52041.8,30.8848
2021-02-17 23:00:23.753,52104.4,52104.6,52017.2,52038.2,31.6654
2021-02-17 23:00:25.796,52104.4,52104.6,52017.2,52047.5,31.8636
2021-02-17 23:00:27.888,52104.4,52104.6,52017.2,52044.5,32.0411
2021-02-17 23:00:30.131,52104.4,52104.6,52017.2,52039.9,32.7621
2021-02-17 23:00:32.177,52104.4,52104.6,52017.2,52043.5,32.9701
2021-02-17 23:00:34.186,52104.4,52104.6,52017.2,52048.5,33.0393
2021-02-17 23:00:36.186,52104.4,52104.6,52017.2,52039.6,34.1762
2021-02-17 23:00:38.188,52104.4,52104.6,52017.2,52050.0,35.647
2021-02-17 23:00:40.242,52104.4,52104.6,52017.2,52045.8,35.9649
2021-02-17 23:00:42.271,52104.4,52104.6,52017.2,52041.7,36.1987
2021-02-17 23:00:44.456,52104.4,52104.6,52017.2,52046.3,36.4964
2021-02-17 23:00:46.456,52104.4,52104.6,52017.2,52046.3,36.6793
2021-02-17 23:00:48.489,52104.4,52104.6,52017.2,52043.5,37.2536
2021-02-17 23:00:50.514,52104.4,52104.6,52017.2,52043.5,37.3196
2021-02-17 23:00:52.862,52104.4,52104.6,52017.2,52047.4,38.4497
2021-02-17 23:00:54.915,52104.4,52104.6,52017.2,52047.4,38.5432
2021-02-17 23:00:57.059,52104.4,52104.6,52017.2,52047.4,38.5878
2021-02-17 23:00:59.109,52104.4,52104.6,52017.2,52047.4,38.7407
2021-02-17 23:01:01.153,52104.4,52104.6,52017.2,52040.7,39.4907
2021-02-17 23:01:03.906,52104.4,52104.6,52017.2,52032.7,41.1114
2021-02-17 23:01:05.920,52104.4,52104.6,52017.2,52032.7,41.4495
2021-02-17 23:01:07.926,52104.4,52104.6,52017.2,52033.8,42.1427
2021-02-17 23:01:09.933,52104.4,52104.6,52017.2,52034.1,42.3032
2021-02-17 23:01:12.015,52104.4,52104.6,52017.2,52039.6,42.8
2021-02-17 23:01:14.036,52104.4,52104.6,52017.2,52023.8,44.1717
2021-02-17 23:01:16.044,52104.4,52104.6,52017.2,52026.0,44.6333
2021-02-17 23:01:18.229,52104.4,52104.6,52017.2,52025.5,46.2305
2021-02-17 23:01:20.299,52104.4,52104.6,52017.2,52025.5,46.3139
2021-02-17 23:01:22.325,52104.4,52104.6,52017.2,52025.5,46.9261
2021-02-17 23:01:24.358,52104.4,52104.6,52017.2,52025.1,47.2175
2021-02-17 23:01:26.590,52104.4,52104.6,52017.2,52024.0,47.5101
2021-02-17 23:01:28.638,52104.4,52104.6,52017.2,52021.5,47.9778
2021-02-17 23:01:30.701,52104.4,52104.6,52017.2,52023.3,48.1099
2021-02-17 23:01:32.811,52104.4,52104.6,52007.3,52007.3,48.9459
2021-02-17 23:01:34.896,52104.4,52104.6,52000.6,52000.6,50.4048
2021-02-17 23:01:37.020,52104.4,52104.6,52000.6,52001.3,51.2725
2021-02-17 23:01:39.162,52104.4,52104.6,52000.0,52000.0,53.892
2021-02-17 23:01:41.221,52104.4,52104.6,51980.0,51980.0,62.6177
2021-02-17 23:01:43.253,52104.4,52104.6,51972.8,51976.3,66.0878
2021-02-17 23:01:45.269,52104.4,52104.6,51972.8,51974.1,66.7155
2021-02-17 23:01:47.335,52104.4,52104.6,51966.9,51971.0,69.7371
2021-02-17 23:01:49.455,52104.4,52104.6,51966.9,51979.9,72.614
2021-02-17 23:01:51.517,52104.4,52104.6,51966.9,51979.8,73.1008
2021-02-17 23:01:53.542,52104.4,52104.6,51937.0,51947.0,81.9709
2021-02-17 23:01:55.730,52104.4,52104.6,51937.0,51952.1,83.62
2021-02-17 23:01:57.815,52104.4,52104.6,51937.0,51957.3,85.1731
2021-02-17 23:01:59.955,52104.4,52104.6,51937.0,51969.6,87.499
2021-02-17 23:02:02.058,52104.4,52104.6,51937.0,51961.1,88.0669
2021-02-17 23:02:04.136,52104.4,52104.6,51937.0,51943.8,89.6881
2021-02-17 23:02:06.150,52104.4,52104.6,51936.6,51944.3,94.8809
2021-02-17 23:02:08.171,52104.4,52104.6,51936.6,51951.4,96.849
2021-02-17 23:02:10.260,52104.4,52104.6,51936.6,51950.0,97.3284
2021-02-17 23:02:12.391,52104.4,52104.6,51936.6,51950.0,99.1347
2021-02-17 23:02:14.539,52104.4,52104.6,51936.6,51973.8,101.242
2021-02-17 23:02:16.551,52104.4,52104.6,51936.6,51958.6,101.974
2021-02-17 23:02:18.612,52104.4,52104.6,51936.6,51960.7,102.567
2021-02-17 23:02:20.686,52104.4,52104.6,51936.6,51960.3,103.162
2021-02-17 23:02:22.724,52104.4,52104.6,51936.6,51962.7,103.473
2021-02-17 23:02:24.725,52104.4,52104.6,51936.6,51957.0,104.899
2021-02-17 23:02:26.740,52104.4,52104.6,51936.6,51956.2,105.832
2021-02-17 23:02:28.752,52104.4,52104.6,51936.6,51954.7,106.261
2021-02-17 23:02:30.784,52104.4,52104.6,51936.6,51967.5,107.43
2021-02-17 23:02:32.790,52104.4,52104.6,51936.6,51968.0,108.321
2021-02-17 23:02:34.936,52104.4,52104.6,51936.6,51966.2,108.861
2021-02-17 23:02:37.027,52104.4,52104.6,51936.6,51963.9,108.98
2021-02-17 23:02:39.039,52104.4,52104.6,51936.6,51964.9,109.266
2021-02-17 23:02:41.090,52104.4,52104.6,51936.6,51961.9,109.602
2021-02-17 23:02:43.173,52104.4,52104.6,51936.6,51963.9,109.926
2021-02-17 23:02:45.329,52104.4,52104.6,51936.6,51963.9,110.124
2021-02-17 23:02:47.463,52104.4,52104.6,51936.6,51963.9,110.223
2021-02-17 23:02:49.590,52104.4,52104.6,51936.6,51969.0,111.27
2021-02-17 23:02:51.669,52104.4,52104.6,51936.6,51969.0,111.874
2021-02-17 23:02:53.678,52104.4,52104.6,51936.6,51961.9,111.985
2021-02-17 23:02:55.707,52104.4,52104.6,51936.6,51964.2,112.143
2021-02-17 23:02:57.887,52104.4,52104.6,51936.6,51966.1,112.239
2021-02-17 23:02:59.961,52104.4,52104.6,51936.6,51966.1,112.606
2021-02-17 23:03:01.964,52104.4,52104.6,51936.6,51973.8,114.608
2021-02-17 23:03:03.980,52104.4,52104.6,51936.6,51963.9,115.554
2021-02-17 23:03:05.998,52104.4,52104.6,51936.6,51961.2,115.816
2021-02-17 23:03:08.141,52104.4,52104.6,51936.6,51961.2,116.89
2021-02-17 23:03:10.230,52104.4,52104.6,51936.6,51957.0,117.923
2021-02-17 23:03:12.276,52104.4,52104.6,51936.6,51961.2,118.299
2021-02-17 23:03:14.290,52104.4,52104.6,51936.6,51966.1,118.611
2021-02-17 23:03:16.299,52104.4,52104.6,51936.6,51966.1,118.709
2021-02-17 23:03:18.387,52104.4,52104.6,51936.6,51966.1,118.806
2021-02-17 23:03:20.396,52104.4,52104.6,51936.6,51963.9,119.122
2021-02-17 23:03:22.497,52104.4,52104.6,51936.6,51966.1,119.568
2021-02-17 23:03:24.578,52104.4,52104.6,51936.6,51966.1,119.772
2021-02-17 23:03:26.650,52104.4,52104.6,51936.6,51964.1,119.963
2021-02-17 23:03:29.155,52104.4,52104.6,51936.6,51961.6,120.706
2021-02-17 23:03:31.157,52104.4,52104.6,51936.6,51961.6,121.617
2021-02-17 23:03:33.213,52104.4,52104.6,51936.6,51966.1,121.993
2021-02-17 23:03:35.250,52104.4,52104.6,51936.6,51960.4,122.619
2021-02-17 23:03:37.297,52104.4,52104.6,51936.6,51964.3,123.823
2021-02-17 23:03:39.337,52104.4,52104.6,51936.6,51958.6,124.519
2021-02-17 23:03:41.381,52104.4,52104.6,51936.6,51956.0,124.764
2021-02-17 23:03:43.447,52104.4,52104.6,51936.6,51950.0,126.476
2021-02-17 23:03:45.458,52104.4,52104.6,51936.6,51950.0,127.261
2021-02-17 23:03:47.538,52104.4,52104.6,51936.6,51949.6,128.771
2021-02-17 23:03:49.539,52104.4,52104.6,51899.6,51940.8,175.712
2021-02-17 23:03:52.098,52104.4,52104.6,51899.6,51940.6,176.605
2021-02-17 23:03:54.123,52104.4,52104.6,51899.6,51934.4,177.587
2021-02-17 23:03:56.274,52104.4,52104.6,51899.6,51941.7,177.935
2021-02-17 23:03:58.395,52104.4,52104.6,51899.6,51940.6,178.0
2021-02-17 23:04:00.477,52104.4,52104.6,51899.6,51936.9,181.026
2021-02-17 23:04:02.493,52104.4,52104.6,51899.6,51940.5,181.566
2021-02-17 23:04:04.535,52104.4,52104.6,51899.6,51940.6,181.864
2021-02-17 23:04:06.686,52104.4,52104.6,51899.6,51940.6,182.669
2021-02-17 23:04:08.728,52104.4,52104.6,51899.6,51938.7,182.736
2021-02-17 23:04:10.764,52104.4,52104.6,51899.6,51942.2,187.437
2021-02-17 23:04:12.823,52104.4,52104.6,51899.6,51933.9,190.343
2021-02-17 23:04:15.086,52104.4,52104.6,51899.6,51932.7,190.927
2021-02-17 23:04:17.089,52104.4,52104.6,51899.6,51933.6,192.477
2021-02-17 23:04:19.204,52104.4,52104.6,51899.6,51933.6,192.665
2021-02-17 23:04:21.252,52104.4,52104.6,51899.6,51938.6,192.937
2021-02-17 23:04:23.398,52104.4,52104.6,51899.6,51938.6,193.445
2021-02-17 23:04:25.632,52104.4,52104.6,51899.6,51938.6,193.495
2021-02-17 23:04:27.700,52104.4,52104.6,51899.6,51938.7,194.22
2021-02-17 23:04:29.772,52104.4,52104.6,51899.6,51943.0,196.987
2021-02-17 23:04:31.889,52104.4,52104.6,51899.6,51943.9,197.79
2021-02-17 23:04:34.437,52104.4,52104.6,51899.6,51943.9,197.866
2021-02-17 23:04:36.502,52104.4,52104.6,51899.6,51943.9,198.303
2021-02-17 23:04:38.732,52104.4,52104.6,51899.6,51942.6,199.674
2021-02-17 23:04:41.557,52104.4,52104.6,51899.6,51943.2,199.848
2021-02-17 23:04:43.609,52104.4,52104.6,51899.6,51943.2,199.911
2021-02-17 23:04:45.641,52104.4,52104.6,51899.6,51943.3,201.06
2021-02-17 23:04:47.661,52104.4,52104.6,51899.6,51943.3,201.267
2021-02-17 23:04:50.108,52104.4,52104.6,51899.6,51943.3,201.555
2021-02-17 23:04:52.111,52104.4,52104.6,51899.6,51947.4,205.568
2021-02-17 23:04:54.229,52104.4,52104.6,51899.6,51943.3,205.882
2021-02-17 23:04:56.382,52104.4,52104.6,51899.6,51943.2,206.294
2021-02-17 23:04:58.438,52104.4,52104.6,51899.6,51940.6,207.571
2021-02-17 23:05:00.494,52104.4,52104.6,51899.6,51942.9,207.984
2021-02-17 23:05:02.536,52104.4,52104.6,51899.6,51943.2,208.685
2021-02-17 23:05:04.593,52104.4,52104.6,51899.6,51954.1,211.394
2021-02-17 23:05:06.614,52104.4,52104.6,51899.6,51951.6,212.081
2021-02-17 23:05:08.642,52104.4,52104.6,51899.6,51946.3,217.757
2021-02-17 23:05:10.665,52104.4,52104.6,51899.6,51940.9,219.307
2021-02-17 23:05:12.670,52104.4,52104.6,51899.6,51940.9,219.752
2021-02-17 23:05:14.721,52104.4,52104.6,51899.6,51940.9,220.177
2021-02-17 23:05:16.927,52104.4,52104.6,51899.6,51940.9,221.351
2021-02-17 23:05:19.066,52104.4,52104.6,51899.6,51943.3,221.479
2021-02-17 23:05:21.174,52104.4,52104.6,51899.6,51941.9,225.32
2021-02-17 23:05:23.178,52104.4,52104.6,51899.6,51946.2,226.376
2021-02-17 23:05:25.185,52104.4,52104.6,51899.6,51940.9,228.108
2021-02-17 23:05:27.261,52104.4,52104.6,51899.6,51944.7,228.243
2021-02-17 23:05:29.282,52104.4,52104.6,51899.6,51944.7,228.646
2021-02-17 23:05:31.321,52104.4,52104.6,51899.6,51950.5,232.782
2021-02-17 23:05:33.348,52104.4,52104.6,51899.6,51950.8,232.845
2021-02-17 23:05:35.359,52104.4,52104.6,51899.6,51947.6,233.025
2021-02-17 23:05:37.373,52104.4,52104.6,51899.6,51949.2,235.633
2021-02-17 23:05:39.432,52104.4,52104.6,51899.6,51949.7,236.091
2021-02-17 23:05:41.528,52104.4,52104.6,51899.6,51950.0,236.318
2021-02-17 23:05:43.605,52104.4,52104.6,51899.6,51950.9,239.104
2021-02-17 23:05:45.722,52104.4,52104.6,51899.6,51947.9,242.578
2021-02-17 23:05:47.776,52104.4,52104.6,51899.6,51951.9,242.618
2021-02-17 23:05:49.841,52104.4,52104.6,51899.6,51951.9,242.793
2021-02-17 23:05:51.920,52104.4,52104.6,51899.6,51944.7,244.07
2021-02-17 23:05:54.179,52104.4,52104.6,51899.6,51948.3,244.538
2021-02-17 23:05:56.256,52104.4,52104.6,51899.6,51944.7,244.771
2021-02-17 23:05:58.380,52104.4,52104.6,51899.6,51945.0,247.879
2021-02-17 23:06:00.456,52104.4,52104.6,51899.6,51950.0,248.238
2021-02-17 23:06:02.457,52104.4,52104.6,51899.6,51945.6,248.537
2021-02-17 23:06:04.465,52104.4,52104.6,51899.6,51948.3,248.636
2021-02-17 23:06:06.519,52104.4,52104.6,51899.6,51950.0,249.417
2021-02-17 23:06:08.618,52104.4,52104.6,51899.6,51948.3,253.0
2021-02-17 23:06:10.620,52104.4,52104.6,51899.6,51954.7,253.688
2021-02-17 23:06:12.694,52104.4,52104.6,51899.6,51955.2,254.782
2021-02-17 23:06:14.754,52104.4,52104.6,51899.6,51954.3,254.875
2021-02-17 23:06:16.790,52104.4,52104.6,51899.6,51954.3,255.074
2021-02-17 23:06:19.204,52104.4,52104.6,51899.6,51957.8,255.693
2021-02-17 23:06:21.847,52104.4,52104.6,51899.6,51958.7,257.856
2021-02-17 23:06:23.875,52104.4,52104.6,51899.6,51954.5,258.562
2021-02-17 23:06:25.893,52104.4,52104.6,51899.6,51948.7,259.471
2021-02-17 23:06:28.230,52104.4,52104.6,51899.6,51948.6,260.903
2021-02-17 23:06:30.385,52104.4,52104.6,51899.6,51953.9,261.855
2021-02-17 23:06:32.437,52104.4,52104.6,51899.6,51953.6,261.907
2021-02-17 23:06:34.628,52104.4,52104.6,51899.6,51954.3,261.99
2021-02-17 23:06:36.657,52104.4,52104.6,51899.6,51952.7,262.182
2021-02-17 23:06:38.803,52104.4,52104.6,51899.6,51952.1,263.077
2021-02-17 23:06:40.931,52104.4,52104.6,51899.6,51953.4,264.872
2021-02-17 23:06:43.162,52104.4,52104.6,51899.6,51957.8,265.045
2021-02-17 23:06:45.551,52104.4,52104.6,51899.6,51956.2,265.083
2021-02-17 23:06:47.614,52104.4,52104.6,51899.6,51950.0,265.706
2021-02-17 23:06:49.640,52104.4,52104.6,51899.6,51950.0,265.905
2021-02-17 23:06:51.815,52104.4,52104.6,51899.6,51956.6,267.958
2021-02-17 23:06:53.991,52104.4,52104.6,51899.6,51957.7,268.154
2021-02-17 23:06:56.092,52104.4,52104.6,51899.6,51960.6,268.592
2021-02-17 23:06:58.154,52104.4,52104.6,51899.6,51952.6,268.902
2021-02-17 23:07:00.154,52104.4,52104.6,51899.6,51956.5,269.534
2021-02-17 23:07:02.325,52104.4,52104.6,51899.6,51955.2,269.66
2021-02-17 23:07:04.329,52104.4,52104.6,51899.6,51962.1,271.456
2021-02-17 23:07:06.475,52104.4,52104.6,51899.6,51964.8,273.534
2021-02-17 23:07:08.477,52104.4,52104.6,51899.6,51970.0,274.349
2021-02-17 23:07:10.542,52104.4,52104.6,51899.6,51968.6,275.213
2021-02-17 23:07:12.604,52104.4,52104.6,51899.6,51971.1,277.75
2021-02-17 23:07:14.779,52104.4,52104.6,51899.6,51968.7,277.847
2021-02-17 23:07:16.839,52104.4,52104.6,51899.6,51973.8,277.939
2021-02-17 23:07:19.009,52104.4,52104.6,51899.6,51978.1,278.98
2021-02-17 23:07:21.018,52104.4,52104.6,51899.6,51994.3,283.029
2021-02-17 23:07:23.062,52104.4,52104.6,51899.6,52016.0,287.573
2021-02-17 23:07:25.079,52104.4,52104.6,51899.6,52011.9,288.02
2021-02-17 23:07:27.082,52104.4,52104.6,51899.6,52011.3,288.364
2021-02-17 23:07:29.393,52104.4,52104.6,51899.6,52025.5,290.039
2021-02-17 23:07:31.394,52104.4,52104.6,51899.6,52031.8,290.563
2021-02-17 23:07:33.413,52104.4,52104.6,51899.6,52034.2,291.4
2021-02-17 23:07:35.630,52104.4,52104.6,51899.6,52037.3,292.637
2021-02-17 23:07:37.637,52104.4,52104.6,51899.6,52041.4,293.291
2021-02-17 23:07:39.850,52104.4,52104.6,51899.6,52036.9,293.718
2021-02-17 23:07:41.887,52104.4,52104.6,51899.6,52036.4,294.044
2021-02-17 23:07:44.008,52104.4,52104.6,51899.6,52045.1,295.866
2021-02-17 23:07:46.014,52104.4,52104.6,51899.6,52059.4,300.232
2021-02-17 23:07:48.144,52104.4,52104.6,51899.6,52061.1,301.537
2021-02-17 23:07:50.156,52104.4,52104.6,51899.6,52056.1,302.923
2021-02-17 23:07:52.183,52104.4,52104.6,51899.6,52058.3,303.365
2021-02-17 23:07:54.324,52104.4,52104.6,51899.6,52055.0,304.484
2021-02-17 23:07:56.360,52104.4,52104.6,51899.6,52047.0,305.572
2021-02-17 23:07:58.417,52104.4,52104.6,51899.6,52030.9,306.626
2021-02-17 23:08:00.514,52104.4,52104.6,51899.6,52015.7,308.737
2021-02-17 23:08:02.526,52104.4,52104.6,51899.6,51993.3,310.874
2021-02-17 23:08:04.565,52104.4,52104.6,51899.6,51990.5,311.71
2021-02-17 23:08:06.596,52104.4,52104.6,51899.6,51994.1,313.821
2021-02-17 23:08:08.599,52104.4,52104.6,51899.6,52011.6,314.804
2021-02-17 23:08:10.602,52104.4,52104.6,51899.6,52011.8,315.305
2021-02-17 23:08:12.767,52104.4,52104.6,51899.6,52024.3,316.116
2021-02-17 23:08:15.049,52104.4,52104.6,51899.6,52043.2,316.998
2021-02-17 23:08:17.115,52104.4,52104.6,51899.6,52043.2,317.656
2021-02-17 23:08:19.185,52104.4,52104.6,51899.6,52037.0,317.77
2021-02-17 23:08:21.324,52104.4,52104.6,51899.6,52035.0,318.017
2021-02-17 23:08:23.435,52104.4,52104.6,51899.6,52044.0,318.736
2021-02-17 23:08:25.602,52104.4,52104.6,51899.6,52055.1,319.176
2021-02-17 23:08:27.693,52104.4,52104.6,51899.6,52051.4,319.803
2021-02-17 23:08:29.760,52104.4,52104.6,51899.6,52048.6,319.984
2021-02-17 23:08:32.016,52104.4,52104.6,51899.6,52044.7,320.404
2021-02-17 23:08:34.111,52104.4,52104.6,51899.6,52045.7,320.744
2021-02-17 23:08:36.275,52104.4,52104.6,51899.6,52048.4,321.377
2021-02-17 23:08:38.284,52104.4,52104.6,51899.6,52055.1,323.023
2021-02-17 23:08:40.298,52104.4,52104.6,51899.6,52048.6,323.693
2021-02-17 23:08:42.300,52104.4,52104.6,51899.6,52045.6,324.589
2021-02-17 23:08:44.334,52104.4,52104.6,51899.6,52043.7,324.832
2021-02-17 23:08:46.728,52104.4,52104.6,51899.6,52050.9,325.197
2021-02-17 23:08:48.739,52104.4,52104.6,51899.6,52050.9,325.291
2021-02-17 23:08:50.896,52104.4,52104.6,51899.6,52050.9,325.381
2021-02-17 23:08:53.057,52104.4,52104.6,51899.6,52054.1,325.81
2021-02-17 23:08:55.139,52104.4,52104.6,51899.6,52054.1,326.578
2021-02-17 23:08:57.171,52104.4,52104.6,51899.6,52052.1,326.782
2021-02-17 23:08:59.360,52104.4,52104.6,51899.6,52050.7,327.107
2021-02-17 23:09:01.366,52104.4,52104.6,51899.6,52066.6,330.387
2021-02-17 23:09:03.377,52104.4,52104.6,51899.6,52076.0,331.038
2021-02-17 23:09:05.489,52104.4,52104.6,51899.6,52068.6,332.202
2021-02-17 23:09:07.498,52104.4,52104.6,51899.6,52068.6,332.335
2021-02-17 23:09:09.802,52104.4,52104.6,51899.6,52057.8,333.892
2021-02-17 23:09:11.877,52104.4,52104.6,51899.6,52055.0,334.624
2021-02-17 23:09:13.992,52104.4,52104.6,51899.6,52055.8,335.281
2021-02-17 23:09:15.993,52104.4,52104.6,51899.6,52057.0,336.833
2021-02-17 23:09:18.005,52104.4,52104.6,51899.6,52060.4,337.866
2021-02-17 23:09:20.072,52104.4,52104.6,51899.6,52061.8,337.961
2021-02-17 23:09:22.096,52104.4,52104.6,51899.6,52061.8,338.189
2021-02-17 23:09:24.224,52104.4,52104.6,51899.6,52061.8,338.4
2021-02-17 23:09:26.299,52104.4,52104.6,51899.6,52061.8,338.659
2021-02-17 23:09:28.341,52104.4,52104.6,51899.6,52061.8,338.796
2021-02-17 23:09:30.359,52104.4,52104.6,51899.6,52061.8,339.058
2021-02-17 23:09:32.461,52104.4,52104.6,51899.6,52063.4,339.428
2021-02-17 23:09:34.490,52104.4,52104.6,51899.6,52079.6,346.088
2021-02-17 23:09:36.586,52104.4,52104.6,51899.6,52102.2,348.252
2021-02-17 23:09:38.656,52104.4,52112.6,51899.6,52109.9,350.133
2021-02-17 23:09:40.687,52104.4,52112.6,51899.6,52109.8,351.146
2021-02-17 23:09:42.700,52104.4,52133.5,51899.6,52133.5,353.027
2021-02-17 23:09:44.854,52104.4,52142.1,51899.6,52131.9,355.996
2021-02-17 23:09:47.057,52104.4,52142.1,51899.6,52135.9,356.493
2021-02-17 23:09:49.062,52104.4,52145.5,51899.6,52140.1,358.709
2021-02-17 23:09:51.309,52104.4,52146.7,51899.6,52146.7,360.118
2021-02-17 23:09:53.322,52104.4,52150.0,51899.6,52150.0,362.664
2021-02-17 23:09:55.340,52104.4,52150.0,51899.6,52150.0,365.348
2021-02-17 23:09:57.527,52104.4,52163.0,51899.6,52143.8,368.634
2021-02-17 23:09:59.619,52104.4,52163.0,51899.6,52143.7,370.703
2021-02-17 23:10:01.641,52104.4,52163.0,51899.6,52145.7,372.082
2021-02-17 23:10:03.684,52104.4,52163.0,51899.6,52115.3,378.004
2021-02-17 23:10:05.693,52104.4,52163.0,51899.6,52115.6,378.692
2021-02-17 23:10:07.727,52104.4,52163.0,51899.6,52115.3,379.47
2021-02-17 23:10:09.727,52104.4,52163.0,51899.6,52107.4,380.575
2021-02-17 23:10:11.740,52104.4,52163.0,51899.6,52100.4,381.168
2021-02-17 23:10:13.811,52104.4,52163.0,51899.6,52113.2,381.459
2021-02-17 23:10:15.919,52104.4,52163.0,51899.6,52107.0,382.684
2021-02-17 23:10:17.929,52104.4,52163.0,51899.6,52103.1,382.928
2021-02-17 23:10:19.947,52104.4,52163.0,51899.6,52103.1,382.989
2021-02-17 23:10:21.955,52104.4,52163.0,51899.6,52103.0,383.743
2021-02-17 23:10:24.021,52104.4,52163.0,51899.6,52100.4,384.202
2021-02-17 23:10:26.045,52104.4,52163.0,51899.6,52100.0,384.384
2021-02-17 23:10:28.147,52104.4,52163.0,51899.6,52101.3,384.758
2021-02-17 23:10:30.247,52104.4,52163.0,51899.6,52110.1,385.445
2021-02-17 23:10:32.248,52104.4,52163.0,51899.6,52107.1,385.598
2021-02-17 23:10:34.284,52104.4,52163.0,51899.6,52106.8,385.954
2021-02-17 23:10:36.332,52104.4,52163.0,51899.6,52107.0,386.217
2021-02-17 23:10:38.336,52104.4,52163.0,51899.6,52107.1,386.516
2021-02-17 23:10:40.522,52104.4,52163.0,51899.6,52107.2,386.788
2021-02-17 23:10:42.638,52104.4,52163.0,51899.6,52121.9,387.404
2021-02-17 23:10:44.700,52104.4,52163.0,51899.6,52124.8,387.907
2021-02-17 23:10:46.766,52104.4,52163.0,51899.6,52140.0,390.099
2021-02-17 23:10:48.791,52104.4,52163.0,51899.6,52147.0,391.819
2021-02-17 23:10:50.802,52104.4,52163.0,51899.6,52147.0,392.335
2021-02-17 23:10:53.130,52104.4,52163.0,51899.6,52138.0,392.889
2021-02-17 23:10:55.282,52104.4,52163.0,51899.6,52139.9,393.33
2021-02-17 23:10:57.382,52104.4,52163.0,51899.6,52141.7,393.478
2021-02-17 23:10:59.653,52104.4,52163.0,51899.6,52147.8,393.634
2021-02-17 23:11:01.682,52104.4,52163.0,51899.6,52140.0,394.141
2021-02-17 23:11:03.690,52104.4,52163.0,51899.6,52130.7,396.291
2021-02-17 23:11:05.694,52104.4,52163.0,51899.6,52130.0,398.096
2021-02-17 23:11:07.710,52104.4,52163.0,51899.6,52121.9,400.061
2021-02-17 23:11:09.713,52104.4,52163.0,51899.6,52121.7,401.309
2021-02-17 23:11:11.770,52104.4,52163.0,51899.6,52120.0,401.491
2021-02-17 23:11:13.778,52104.4,52163.0,51899.6,52110.0,403.371
2021-02-17 23:11:15.856,52104.4,52163.0,51899.6,52090.0,408.296
2021-02-17 23:11:17.864,52104.4,52163.0,51899.6,52095.1,408.507
2021-02-17 23:11:20.052,52104.4,52163.0,51899.6,52110.0,409.239
2021-02-17 23:11:22.242,52104.4,52163.0,51899.6,52110.0,409.388
2021-02-17 23:11:24.280,52104.4,52163.0,51899.6,52111.6,409.684
2021-02-17 23:11:26.414,52104.4,52163.0,51899.6,52111.6,409.756
2021-02-17 23:11:28.544,52104.4,52163.0,51899.6,52112.8,410.252
2021-02-17 23:11:30.827,52104.4,52163.0,51899.6,52112.8,410.336
2021-02-17 23:11:32.999,52104.4,52163.0,51899.6,52120.2,410.855
2021-02-17 23:11:35.065,52104.4,52163.0,51899.6,52130.0,411.327
2021-02-17 23:11:37.242,52104.4,52163.0,51899.6,52129.9,411.65
2021-02-17 23:11:39.259,52104.4,52163.0,51899.6,52135.5,411.778
2021-02-17 23:11:41.272,52104.4,52163.0,51899.6,52119.1,413.228
2021-02-17 23:11:43.375,52104.4,52163.0,51899.6,52117.1,413.465
2021-02-17 23:11:45.656,52104.4,52163.0,51899.6,52112.8,413.773
2021-02-17 23:11:47.782,52104.4,52163.0,51899.6,52110.8,414.061
2021-02-17 23:11:49.797,52104.4,52163.0,51899.6,52116.8,414.608
2021-02-17 23:11:52.083,52104.4,52163.0,51899.6,52119.1,415.042
2021-02-17 23:11:54.102,52104.4,52163.0,51899.6,52124.5,415.32
2021-02-17 23:11:56.129,52104.4,52163.0,51899.6,52124.8,415.521
2021-02-17 23:11:58.197,52104.4,52163.0,51899.6,52124.5,415.955
2021-02-17 23:12:00.340,52104.4,52163.0,51899.6,52120.0,416.534
2021-02-17 23:12:02.406,52104.4,52163.0,51899.6,52117.7,416.62
2021-02-17 23:12:04.428,52104.4,52163.0,51899.6,52120.0,417.148
2021-02-17 23:12:06.483,52104.4,52163.0,51899.6,52120.0,417.196
2021-02-17 23:12:08.502,52104.4,52163.0,51899.6,52137.3,418.184
2021-02-17 23:12:10.526,52104.4,52163.0,51899.6,52137.5,419.175
2021-02-17 23:12:12.947,52104.4,52163.0,51899.6,52139.9,419.523
2021-02-17 23:12:15.050,52104.4,52163.0,51899.6,52126.5,420.273
2021-02-17 23:12:17.136,52104.4,52163.0,51899.6,52125.8,420.556
2021-02-17 23:12:19.207,52104.4,52163.0,51899.6,52129.1,420.758
2021-02-17 23:12:21.207,52104.4,52163.0,51899.6,52129.1,421.409
2021-02-17 23:12:23.228,52104.4,52163.0,51899.6,52135.6,421.974
2021-02-17 23:12:25.240,52104.4,52163.0,51899.6,52132.8,422.665
2021-02-17 23:12:27.280,52104.4,52163.0,51899.6,52150.0,424.331
2021-02-17 23:12:29.414,52104.4,52165.0,51899.6,52165.0,427.32
2021-02-17 23:12:31.471,52104.4,52165.0,51899.6,52162.1,428.758
2021-02-17 23:12:33.521,52104.4,52165.0,51899.6,52159.5,429.059
2021-02-17 23:12:35.610,52104.4,52165.0,51899.6,52164.6,429.35
2021-02-17 23:12:37.625,52104.4,52166.6,51899.6,52163.6,429.43
2021-02-17 23:12:39.674,52104.4,52166.6,51899.6,52163.6,429.454
2021-02-17 23:12:42.031,52104.4,52166.6,51899.6,52163.6,430.038
2021-02-17 23:12:44.041,52104.4,52171.1,51899.6,52169.2,430.313
2021-02-17 23:12:46.190,52104.4,52171.1,51899.6,52166.2,430.669
2021-02-17 23:12:48.194,52104.4,52178.8,51899.6,52178.0,431.298
2021-02-17 23:12:50.638,52104.4,52183.9,51899.6,52172.2,432.028
2021-02-17 23:12:52.820,52104.4,52184.0,51899.6,52184.0,432.622
2021-02-17 23:12:54.861,52104.4,52199.5,51899.6,52192.2,434.462
2021-02-17 23:12:56.861,52104.4,52200.0,51899.6,52194.1,435.546
2021-02-17 23:12:58.948,52104.4,52200.0,51899.6,52195.4,437.156
2021-02-17 23:13:00.948,52104.4,52200.0,51899.6,52194.9,437.531
2021-02-17 23:13:03.099,52104.4,52200.0,51899.6,52194.9,437.804
2021-02-17 23:13:05.109,52104.4,52200.0,51899.6,52200.0,438.247
2021-02-17 23:13:07.109,52104.4,52200.7,51899.6,52200.6,438.909
2021-02-17 23:13:09.111,52104.4,52209.5,51899.6,52209.5,439.713
2021-02-17 23:13:11.212,52104.4,52214.3,51899.6,52210.4,440.21
2021-02-17 23:13:13.324,52104.4,52215.2,51899.6,52212.3,440.312
2021-02-17 23:13:15.414,52104.4,52219.3,51899.6,52215.6,441.213
2021-02-17 23:13:17.494,52104.4,52219.3,51899.6,52216.0,441.365
2021-02-17 23:13:19.744,52104.4,52222.0,51899.6,52219.1,442.101
2021-02-17 23:13:21.757,52104.4,52222.7,51899.6,52222.7,442.574
2021-02-17 23:13:23.760,52104.4,52235.8,51899.6,52220.3,444.21
2021-02-17 23:13:26.126,52104.4,52235.8,51899.6,52223.1,444.575
2021-02-17 23:13:28.171,52104.4,52243.2,51899.6,52232.6,446.019
2021-02-17 23:13:30.179,52104.4,52243.2,51899.6,52225.5,450.823
2021-02-17 23:13:32.385,52104.4,52243.2,51899.6,52234.5,451.555
2021-02-17 23:13:34.483,52104.4,52243.2,51899.6,52241.4,452.716
2021-02-17 23:13:36.514,52104.4,52243.2,51899.6,52234.0,452.892
2021-02-17 23:13:38.537,52104.4,52243.2,51899.6,52234.0,452.999
2021-02-17 23:13:40.596,52104.4,52243.2,51899.6,52234.0,453.561
2021-02-17 23:13:42.603,52104.4,52243.2,51899.6,52234.0,454.212
2021-02-17 23:13:44.638,52104.4,52243.2,51899.6,52192.8,460.677
2021-02-17 23:13:46.762,52104.4,52243.2,51899.6,52193.4,461.621
2021-02-17 23:13:48.912,52104.4,52243.2,51899.6,52209.7,463.09
2021-02-17 23:13:50.997,52104.4,52243.2,51899.6,52203.5,463.669
2021-02-17 23:13:53.048,52104.4,52243.2,51899.6,52188.9,466.703
2021-02-17 23:13:55.242,52104.4,52243.2,51899.6,52220.3,469.212
2021-02-17 23:13:57.258,52104.4,52243.2,51899.6,52213.3,469.785
2021-02-17 23:13:59.359,52104.4,52243.2,51899.6,52210.0,470.117
2021-02-17 23:14:01.468,52104.4,52243.2,51899.6,52210.7,470.352
2021-02-17 23:14:03.749,52104.4,52243.2,51899.6,52210.7,470.552
2021-02-17 23:14:05.763,52104.4,52243.2,51899.6,52210.7,470.692
2021-02-17 23:14:07.791,52104.4,52243.2,51899.6,52210.7,471.323
2021-02-17 23:14:09.821,52104.4,52243.2,51899.6,52218.2,471.656
2021-02-17 23:14:11.976,52104.4,52243.2,51899.6,52218.2,472.125
2021-02-17 23:14:14.015,52104.4,52243.2,51899.6,52200.0,475.195
2021-02-17 23:14:16.020,52104.4,52243.2,51899.6,52200.1,475.342
2021-02-17 23:14:18.037,52104.4,52243.2,51899.6,52205.9,476.317
2021-02-17 23:14:20.219,52104.4,52243.2,51899.6,52204.5,479.386
2021-02-17 23:14:22.334,52104.4,52243.2,51899.6,52199.6,479.855
2021-02-17 23:14:24.364,52104.4,52243.2,51899.6,52204.8,480.63
2021-02-17 23:14:26.409,52104.4,52243.2,51899.6,52229.4,483.76
2021-02-17 23:14:28.430,52104.4,52243.2,51899.6,52215.5,484.494
2021-02-17 23:14:30.441,52104.4,52243.2,51899.6,52206.5,484.992
2021-02-17 23:14:32.467,52104.4,52243.2,51899.6,52200.0,485.325
2021-02-17 23:14:34.508,52104.4,52243.2,51899.6,52208.1,486.351
2021-02-17 23:14:36.561,52104.4,52243.2,51899.6,52190.1,487.765
2021-02-17 23:14:38.690,52104.4,52243.2,51899.6,52197.0,488.758
2021-02-17 23:14:40.822,52104.4,52243.2,51899.6,52192.9,489.455
2021-02-17 23:14:43.094,52104.4,52243.2,51899.6,52192.4,489.605
2021-02-17 23:14:45.117,52104.4,52243.2,51899.6,52188.3,491.22
2021-02-17 23:14:47.146,52104.4,52243.2,51899.6,52188.1,491.472
2021-02-17 23:14:49.154,52104.4,52243.2,51899.6,52192.4,491.778
2021-02-17 23:14:51.301,52104.4,52243.2,51899.6,52192.4,491.997
2021-02-17 23:14:53.316,52104.4,52243.2,51899.6,52180.1,494.084
2021-02-17 23:14:55.359,52104.4,52243.2,51899.6,52189.6,497.519
2021-02-17 23:14:57.404,52104.4,52243.2,51899.6,52183.4,499.014
2021-02-17 23:14:59.415,52104.4,52243.2,51899.6,52181.9,499.306
2021-02-17 23:14:59.999,52104.4,52243.2,51899.6,52181.9,499.362
2021-02-17 23:15:02.212,52181.9,52181.9,52178.5,52179.4,0.121601
2021-02-17 23:15:04.216,52181.9,52200.0,52178.5,52193.4,0.986236
2021-02-17 23:15:06.409,52181.9,52200.0,52178.5,52193.4,1.10537
2021-02-17 23:15:08.441,52181.9,52200.0,52178.5,52189.1,1.62111
2021-02-17 23:15:10.485,52181.9,52200.0,52178.5,52182.4,2.34751
2021-02-17 23:15:12.695,52181.9,52200.0,52177.1,52177.1,2.75248
2021-02-17 23:15:14.718,52181.9,52200.0,52177.0,52180.8,3.13708
2021-02-17 23:15:16.788,52181.9,52200.0,52177.0,52180.8,3.3692
2021-02-17 23:15:18.937,52181.9,52200.0,52172.2,52180.8,3.65087
2021-02-17 23:15:21.042,52181.9,52200.0,52172.2,52180.8,3.72212
2021-02-17 23:15:23.522,52181.9,52200.0,52172.2,52177.8,4.53805
2021-02-17 23:15:25.525,52181.9,52200.0,52172.2,52177.8,4.60012
2021-02-17 23:15:27.600,52181.9,52200.0,52172.2,52177.8,4.85504
2021-02-17 23:15:29.628,52181.9,52200.0,52172.2,52175.3,5.38653
2021-02-17 23:15:31.628,52181.9,52200.0,52172.2,52173.2,6.08389
2021-02-17 23:15:33.893,52181.9,52200.0,52160.0,52162.8,7.97522
2021-02-17 23:15:35.946,52181.9,52200.0,52160.0,52160.0,8.2292
2021-02-17 23:15:38.154,52181.9,52200.0,52160.0,52177.8,10.7229
2021-02-17 23:15:40.211,52181.9,52200.0,52160.0,52182.4,11.4831
2021-02-17 23:15:42.358,52181.9,52200.0,52160.0,52178.8,11.6426
2021-02-17 23:15:44.378,52181.9,52200.0,52160.0,52170.1,11.7916
2021-02-17 23:15:46.451,52181.9,52200.0,52160.0,52170.2,12.4493
2021-02-17 23:15:48.454,52181.9,52200.0,52160.0,52175.1,12.653
2021-02-17 23:15:50.553,52181.9,52200.0,52160.0,52171.0,12.9334
2021-02-17 23:15:53.098,52181.9,52200.0,52160.0,52170.0,13.1092
2021-02-17 23:15:55.210,52181.9,52200.0,52160.0,52175.1,13.1836
2021-02-17 23:15:57.497,52181.9,52200.0,52160.0,52178.9,13.4832
2021-02-17 23:15:59.637,52181.9,52200.0,52160.0,52180.7,13.8624
2021-02-17 23:16:01.691,52181.9,52200.0,52160.0,52175.1,14.1917
2021-02-17 23:16:03.747,52181.9,52200.0,52160.0,52180.2,14.3975
2021-02-17 23:16:05.748,52181.9,52200.0,52160.0,52180.6,14.5436
2021-02-17 23:16:07.891,52181.9,52200.0,52160.0,52189.7,14.8161
2021-02-17 23:16:09.894,52181.9,52215.2,52160.0,52215.2,20.4402
2021-02-17 23:16:11.898,52181.9,52222.7,52160.0,52222.7,21.5885
2021-02-17 23:16:13.916,52181.9,52222.7,52160.0,52219.3,22.2847
2021-02-17 23:16:15.945,52181.9,52225.0,52160.0,52225.0,22.5591
2021-02-17 23:16:17.969,52181.9,52225.1,52160.0,52225.1,22.6933
2021-02-17 23:16:20.220,52181.9,52236.1,52160.0,52224.0,24.4586
2021-02-17 23:16:22.351,52181.9,52236.1,52160.0,52224.0,24.7783
2021-02-17 23:16:24.717,52181.9,52236.1,52160.0,52222.7,24.955
2021-02-17 23:16:26.837,52181.9,52236.1,52160.0,52231.3,25.461
2021-02-17 23:16:29.043,52181.9,52236.1,52160.0,52236.1,26.8248
2021-02-17 23:16:31.122,52181.9,52250.0,52160.0,52248.2,29.7739
2021-02-17 23:16:33.375,52181.9,52250.0,52160.0,52246.5,30.1313
2021-02-17 23:16:35.474,52181.9,52250.0,52160.0,52250.0,31.1282
2021-02-17 23:16:37.534,52181.9,52250.0,52160.0,52246.1,31.683
2021-02-17 23:16:39.611,52181.9,52250.0,52160.0,52237.1,32.7477
2021-02-17 23:16:41.758,52181.9,52250.0,52160.0,52231.9,33.4429
2021-02-17 23:16:43.892,52181.9,52250.0,52160.0,52230.0,34.1192
2021-02-17 23:16:45.894,52181.9,52250.0,52160.0,52230.0,34.8549
2021-02-17 23:16:47.894,52181.9,52250.0,52160.0,52225.0,35.3271
2021-02-17 23:16:50.240,52181.9,52250.0,52160.0,52216.3,35.8974
2021-02-17 23:16:52.309,52181.9,52250.0,52160.0,52216.3,36.1943
2021-02-17 23:16:54.316,52181.9,52250.0,52160.0,52222.6,36.7842
2021-02-17 23:16:56.354,52181.9,52250.0,52160.0,52221.0,37.5768
2021-02-17 23:16:58.550,52181.9,52250.0,52160.0,52222.6,38.272
2021-02-17 23:17:00.561,52181.9,52250.0,52160.0,52222.5,38.4326
2021-02-17 23:17:02.575,52181.9,52250.0,52160.0,52210.0,39.9531
2021-02-17 23:17:04.589,52181.9,52250.0,52160.0,52210.4,40.4333
2021-02-17 23:17:06.599,52181.9,52250.0,52160.0,52216.3,40.5677
2021-02-17 23:17:08.621,52181.9,52250.0,52160.0,52232.9,41.5241
2021-02-17 23:17:10.662,52181.9,52250.0,52160.0,52231.3,42.1212
2021-02-17 23:17:12.713,52181.9,52250.0,52160.0,52230.0,42.1439
2021-02-17 23:17:14.887,52181.9,52250.0,52160.0,52232.6,42.317
2021-02-17 23:17:17.189,52181.9,52250.0,52160.0,52236.3,42.8224
2021-02-17 23:17:19.339,52181.9,52250.0,52160.0,52232.5,42.8749
2021-02-17 23:17:21.382,52181.9,52250.0,52160.0,52247.7,43.4807
2021-02-17 23:17:23.776,52181.9,52250.0,52160.0,52250.0,43.8108
2021-02-17 23:17:25.800,52181.9,52250.0,52160.0,52250.0,44.0082
2021-02-17 23:17:27.815,52181.9,52267.4,52160.0,52254.4,51.5202
2021-02-17 23:17:29.955,52181.9,52267.4,52160.0,52261.5,52.3403
2021-02-17 23:17:32.021,52181.9,52269.2,52160.0,52262.7,53.4685
2021-02-17 23:17:34.046,52181.9,52269.2,52160.0,52258.1,53.8288
2021-02-17 23:17:36.135,52181.9,52269.2,52160.0,52250.0,55.1679
2021-02-17 23:17:38.160,52181.9,52269.2,52160.0,52236.4,58.1141
2021-02-17 23:17:40.225,52181.9,52269.2,52160.0,52231.3,58.5394
2021-02-17 23:17:42.373,52181.9,52269.2,52160.0,52231.3,58.722
2021-02-17 23:17:44.470,52181.9,52269.2,52160.0,52232.5,59.2851
2021-02-17 23:17:46.479,52181.9,52269.2,52160.0,52223.1,60.3647
2021-02-17 23:17:48.563,52181.9,52269.2,52160.0,52229.3,60.8712
2021-02-17 23:17:50.581,52181.9,52269.2,52160.0,52214.8,62.0008
2021-02-17 23:17:52.629,52181.9,52269.2,52160.0,52214.8,62.3911
2021-02-17 23:17:54.630,52181.9,52269.2,52160.0,52213.6,63.1583
2021-02-17 23:17:56.702,52181.9,52269.2,52160.0,52216.1,63.4106
2021-02-17 23:17:58.756,52181.9,52269.2,52160.0,52213.5,63.9819
2021-02-17 23:18:00.780,52181.9,52269.2,52160.0,52210.1,64.2449
2021-02-17 23:18:02.809,52181.9,52269.2,52160.0,52190.1,67.5691
2021-02-17 23:18:04.820,52181.9,52269.2,52160.0,52208.8,68.2118
2021-02-17 23:18:06.887,52181.9,52269.2,52160.0,52209.4,68.5044
2021-02-17 23:18:09.056,52181.9,52269.2,52160.0,52205.6,68.7762
2021-02-17 23:18:11.122,52181.9,52269.2,52160.0,52205.6,68.8032
2021-02-17 23:18:13.202,52181.9,52269.2,52160.0,52192.6,70.7883
2021-02-17 23:18:15.495,52181.9,52269.2,52160.0,52192.2,71.1278
2021-02-17 23:18:17.704,52181.9,52269.2,52160.0,52192.2,73.2358
2021-02-17 23:18:19.704,52181.9,52269.2,52160.0,52202.7,73.9679
2021-02-17 23:18:21.882,52181.9,52269.2,52160.0,52213.5,74.9812
2021-02-17 23:18:24.002,52181.9,52269.2,52160.0,52212.2,75.1301
2021-02-17 23:18:26.104,52181.9,52269.2,52160.0,52209.1,76.3682
2021-02-17 23:18:28.157,52181.9,52269.2,52160.0,52216.7,80.6331
2021-02-17 23:18:30.212,52181.9,52269.2,52160.0,52218.5,81.7114
2021-02-17 23:18:32.239,52181.9,52269.2,52160.0,52235.2,82.1226
2021-02-17 23:18:34.709,52181.9,52269.2,52160.0,52235.2,82.2456
2021-02-17 23:18:37.099,52181.9,52269.2,52160.0,52242.5,83.3868
2021-02-17 23:18:39.435,52181.9,52269.2,52160.0,52242.5,83.5356
2021-02-17 23:18:41.461,52181.9,52269.2,52160.0,52238.7,83.7299
2021-02-17 23:18:43.914,52181.9,52269.2,52160.0,52237.9,84.3212
2021-02-17 23:18:46.182,52181.9,52269.2,52160.0,52238.7,85.5508
2021-02-17 23:18:48.261,52181.9,52269.2,52160.0,52242.5,85.674
2021-02-17 23:18:50.296,52181.9,52269.2,52160.0,52242.5,85.7003
2021-02-17 23:18:52.308,52181.9,52269.2,52160.0,52243.8,86.8704
2021-02-17 23:18:54.514,52181.9,52269.2,52160.0,52244.6,87.1303
2021-02-17 23:18:56.540,52181.9,52269.2,52160.0,52244.6,87.3772
2021-02-17 23:18:58.667,52181.9,52269.2,52160.0,52231.3,87.8898
2021-02-17 23:19:00.685,52181.9,52269.2,52160.0,52243.6,88.1207
2021-02-17 23:19:02.685,52181.9,52269.2,52160.0,52258.1,90.9597
2021-02-17 23:19:04.704,52181.9,52269.2,52160.0,52252.1,92.1533
2021-02-17 23:19:06.708,52181.9,52269.2,52160.0,52244.2,92.6097
2021-02-17 23:19:09.081,52181.9,52269.2,52160.0,52235.7,93.8352
2021-02-17 23:19:11.253,52181.9,52269.2,52160.0,52231.3,94.2869
2021-02-17 23:19:13.265,52181.9,52269.2,52160.0,52231.3,95.6967
2021-02-17 23:19:15.613,52181.9,52269.2,52160.0,52218.5,97.5375
2021-02-17 23:19:17.740,52181.9,52269.2,52160.0,52218.5,97.7799
2021-02-17 23:19:19.815,52181.9,52269.2,52160.0,52218.5,98.5422
2021-02-17 23:19:21.876,52181.9,52269.2,52160.0,52218.5,98.6873
2021-02-17 23:19:24.289,52181.9,52269.2,52160.0,52218.5,99.0891
2021-02-17 23:19:26.460,52181.9,52269.2,52160.0,52218.5,99.3902
2021-02-17 23:19:28.724,52181.9,52269.2,52160.0,52218.5,100.802
2021-02-17 23:19:30.766,52181.9,52269.2,52160.0,52213.5,101.162
2021-02-17 23:19:32.937,52181.9,52269.2,52160.0,52211.8,102.724
2021-02-17 23:19:34.959,52181.9,52269.2,52160.0,52213.5,104.865
2021-02-17 23:19:37.012,52181.9,52269.2,52160.0,52228.4,105.502
2021-02-17 23:19:39.060,52181.9,52269.2,52160.0,52231.3,105.671
2021-02-17 23:19:41.205,52181.9,52269.2,52160.0,52233.0,105.936
2021-02-17 23:19:43.376,52181.9,52269.2,52160.0,52222.1,106.393
2021-02-17 23:19:45.389,52181.9,52269.2,52160.0,52215.3,106.715
2021-02-17 23:19:47.417,52181.9,52269.2,52160.0,52211.1,109.3
2021-02-17 23:19:49.502,52181.9,52269.2,52160.0,52210.1,109.521
2021-02-17 23:19:51.606,52181.9,52269.2,52160.0,52211.2,109.944
2021-02-17 23:19:53.882,52181.9,52269.2,52160.0,52220.5,110.431
2021-02-17 23:19:55.960,52181.9,52269.2,52160.0,52220.5,110.796
2021-02-17 23:19:57.966,52181.9,52269.2,52160.0,52212.4,111.454
2021-02-17 23:20:00.282,52181.9,52269.2,52160.0,52211.6,111.589
2021-02-17 23:20:02.451,52181.9,52269.2,52160.0,52211.7,111.686
2021-02-17 23:20:04.464,52181.9,52269.2,52160.0,52203.4,113.075
2021-02-17 23:20:06.467,52181.9,52269.2,52160.0,52203.8,113.209
2021-02-17 23:20:08.477,52181.9,52269.2,52160.0,52207.7,114.244
2021-02-17 23:20:10.476,52181.9,52269.2,52160.0,52207.7,114.681
2021-02-17 23:20:12.582,52181.9,52269.2,52160.0,52193.1,115.524
2021-02-17 23:20:14.658,52181.9,52269.2,52160.0,52188.8,116.859
2021-02-17 23:20:16.714,52181.9,52269.2,52160.0,52220.5,117.898
2021-02-17 23:20:18.798,52181.9,52269.2,52160.0,52222.2,118.273
2021-02-17 23:20:21.083,52181.9,52269.2,52160.0,52221.4,118.556
2021-02-17 23:20:23.344,52181.9,52269.2,52160.0,52222.4,118.982
2021-02-17 23:20:25.419,52181.9,52269.2,52160.0,52222.5,119.052
2021-02-17 23:20:27.517,52181.9,52269.2,52160.0,52223.8,119.102
2021-02-17 23:20:29.652,52181.9,52269.2,52160.0,52230.3,119.941
2021-02-17 23:20:31.721,52181.9,52269.2,52160.0,52226.3,120.092
2021-02-17 23:20:34.111,52181.9,52269.2,52160.0,52224.1,120.113
2021-02-17 23:20:36.519,52181.9,52269.2,52160.0,52223.8,120.172
2021-02-17 23:20:38.587,52181.9,52269.2,52160.0,52223.8,120.266
2021-02-17 23:20:40.587,52181.9,52269.2,52160.0,52217.4,120.674
2021-02-17 23:20:42.887,52181.9,52269.2,52160.0,52222.6,122.469
2021-02-17 23:20:45.267,52181.9,52269.2,52160.0,52222.6,122.557
2021-02-17 23:20:47.534,52181.9,52269.2,52160.0,52227.4,123.705
2021-02-17 23:20:49.660,52181.9,52269.2,52160.0,52223.8,124.06
2021-02-17 23:20:51.863,52181.9,52269.2,52160.0,52213.7,124.586
2021-02-17 23:20:53.948,52181.9,52269.2,52160.0,52202.4,125.337
2021-02-17 23:20:56.012,52181.9,52269.2,52160.0,52201.6,125.725
2021-02-17 23:20:58.049,52181.9,52269.2,52160.0,52201.6,125.859
2021-02-17 23:21:00.187,52181.9,52269.2,52160.0,52201.6,126.017
2021-02-17 23:21:02.392,52181.9,52269.2,52160.0,52200.0,126.202
2021-02-17 23:21:04.414,52181.9,52269.2,52160.0,52200.0,126.405
2021-02-17 23:21:06.474,52181.9,52269.2,52160.0,52198.1,126.995
2021-02-17 23:21:08.508,52181.9,52269.2,52160.0,52197.4,127.109
2021-02-17 23:21:10.725,52181.9,52269.2,52160.0,52197.4,128.701
2021-02-17 23:21:12.797,52181.9,52269.2,52160.0,52192.8,128.855
2021-02-17 23:21:14.819,52181.9,52269.2,52160.0,52195.3,128.993
2021-02-17 23:21:17.007,52181.9,52269.2,52160.0,52201.8,129.98
2021-02-17 23:21:19.034,52181.9,52269.2,52160.0,52200.6,130.146
2021-02-17 23:21:21.573,52181.9,52269.2,52160.0,52210.4,130.371
2021-02-17 23:21:23.753,52181.9,52269.2,52160.0,52204.4,130.546
2021-02-17 23:21:25.851,52181.9,52269.2,52160.0,52204.4,130.614
2021-02-17 23:21:27.852,52181.9,52269.2,52160.0,52204.4,130.894
2021-02-17 23:21:29.978,52181.9,52269.2,52160.0,52209.1,132.237
2021-02-17 23:21:32.184,52181.9,52269.2,52160.0,52222.0,133.946
2021-02-17 23:21:34.319,52181.9,52269.2,52160.0,52226.1,134.232
2021-02-17 23:21:36.447,52181.9,52269.2,52160.0,52227.1,134.522
2021-02-17 23:21:38.785,52181.9,52269.2,52160.0,52226.1,134.719
2021-02-17 23:21:40.976,52181.9,52269.2,52160.0,52219.5,135.054
2021-02-17 23:21:43.341,52181.9,52269.2,52160.0,52227.6,136.542
2021-02-17 23:21:45.346,52181.9,52269.2,52160.0,52229.2,136.713
2021-02-17 23:21:47.461,52181.9,52269.2,52160.0,52229.2,136.836
2021-02-17 23:21:49.554,52181.9,52269.2,52160.0,52242.5,138.486
2021-02-17 23:21:51.835,52181.9,52269.2,52160.0,52250.0,139.192
2021-02-17 23:21:53.847,52181.9,52269.2,52160.0,52250.0,139.53
2021-02-17 23:21:55.894,52181.9,52269.2,52160.0,52250.0,139.709
2021-02-17 23:21:57.935,52181.9,52269.2,52160.0,52250.0,139.747
2021-02-17 23:22:00.033,52181.9,52269.2,52160.0,52229.7,140.192
2021-02-17 23:22:02.066,52181.9,52269.2,52160.0,52227.6,140.344
2021-02-17 23:22:04.123,52181.9,52269.2,52160.0,52222.3,140.474
2021-02-17 23:22:06.125,52181.9,52269.2,52160.0,52210.4,141.172
2021-02-17 23:22:08.134,52181.9,52269.2,52160.0,52223.5,142.616
2021-02-17 23:22:10.378,52181.9,52269.2,52160.0,52220.7,142.738
2021-02-17 23:22:12.631,52181.9,52269.2,52160.0,52221.1,143.36
2021-02-17 23:22:14.634,52181.9,52269.2,52160.0,52218.7,143.487
2021-02-17 23:22:16.715,52181.9,52269.2,52160.0,52227.5,144.253
2021-02-17 23:22:18.859,52181.9,52269.2,52160.0,52233.1,144.412
2021-02-17 23:22:20.898,52181.9,52269.2,52160.0,52227.9,145.044
2021-02-17 23:22:22.950,52181.9,52269.2,52160.0,52227.9,145.696
2021-02-17 23:22:25.499,52181.9,52269.2,52160.0,52231.8,145.975
2021-02-17 23:22:27.634,52181.9,52269.2,52160.0,52231.0,146.166
2021-02-17 23:22:29.638,52181.9,52269.2,52160.0,52225.8,146.319
2021-02-17 23:22:31.928,52181.9,52269.2,52160.0,52223.5,147.24
2021-02-17 23:22:34.178,52181.9,52269.2,52160.0,52221.1,148.022
2021-02-17 23:22:36.240,52181.9,52269.2,52160.0,52210.4,148.906
2021-02-17 23:22:38.318,52181.9,52269.2,52160.0,52207.1,150.004
2021-02-17 23:22:40.380,52181.9,52269.2,52160.0,52218.3,150.549
2021-02-17 23:22:42.380,52181.9,52269.2,52160.0,52218.0,165.368
2021-02-17 23:22:44.381,52181.9,52269.2,52160.0,52240.6,166.714
2021-02-17 23:22:46.490,52181.9,52269.2,52160.0,52241.4,167.644
2021-02-17 23:22:48.519,52181.9,52269.2,52160.0,52232.8,169.453
2021-02-17 23:22:50.548,52181.9,52269.2,52160.0,52245.9,170.396
2021-02-17 23:22:52.650,52181.9,52269.2,52160.0,52245.4,171.423
2021-02-17 23:22:54.780,52181.9,52269.2,52160.0,52235.8,172.579
2021-02-17 23:22:57.044,52181.9,52269.2,52160.0,52232.1,173.003
2021-02-17 23:22:59.082,52181.9,52269.2,52160.0,52244.6,173.227
2021-02-17 23:23:01.336,52181.9,52269.2,52160.0,52246.7,173.442
2021-02-17 23:23:03.343,52181.9,52269.2,52160.0,52255.0,174.531
2021-02-17 23:23:05.394,52181.9,52269.2,52160.0,52256.8,174.893
2021-02-17 23:23:07.451,52181.9,52269.2,52160.0,52256.9,175.062
2021-02-17 23:23:09.452,52181.9,52279.7,52160.0,52276.1,176.9
2021-02-17 23:23:11.491,52181.9,52281.6,52160.0,52272.4,179.018
2021-02-17 23:23:13.558,52181.9,52281.6,52160.0,52268.4,179.656
2021-02-17 23:23:15.571,52181.9,52281.6,52160.0,52259.0,180.543
2021-02-17 23:23:17.679,52181.9,52281.6,52160.0,52262.5,180.932
2021-02-17 23:23:19.688,52181.9,52281.6,52160.0,52272.6,181.484
2021-02-17 23:23:21.705,52181.9,52281.6,52160.0,52273.6,182.23
2021-02-17 23:23:23.719,52181.9,52282.0,52160.0,52278.2,183.222
2021-02-17 23:23:25.895,52181.9,52282.0,52160.0,52281.7,183.986
2021-02-17 23:23:28.109,52181.9,52282.0,52160.0,52279.9,184.273
2021-02-17 23:23:30.188,52181.9,52287.7,52160.0,52283.7,185.767
2021-02-17 23:23:32.216,52181.9,52287.7,52160.0,52281.9,186.59
2021-02-17 23:23:34.235,52181.9,52295.3,52160.0,52295.3,188.301
2021-02-17 23:23:36.528,52181.9,52300.0,52160.0,52295.8,191.84
2021-02-17 23:23:38.528,52181.9,52300.0,52160.0,52298.2,192.289
2021-02-17 23:23:40.540,52181.9,52300.0,52160.0,52297.0,192.427
2021-02-17 23:23:42.732,52181.9,52300.0,52160.0,52297.0,192.968
2021-02-17 23:23:45.165,52181.9,52300.0,52160.0,52298.8,193.127
2021-02-17 23:23:47.255,52181.9,52300.0,52160.0,52298.8,193.602
2021-02-17 23:23:49.256,52181.9,52357.3,52160.0,52357.3,220.665
