timestamp,open,high,low,close,volume,close_time,quote_av,trades,tb_base_av,tb_quote_av,ignore
2021-01-01 17:00:00,29300.79000000,29339.76000000,28937.00000000,29079.64000000,2504.97709900,1609523999999,73023440.33533108,58010,1019.11805100,29715488.81612700,0
2021-01-01 18:00:00,29077.59000000,29259.98000000,28624.57000000,29072.70000000,4226.43004100,1609527599999,122480565.74309262,88856,1801.54203200,52236804.42358850,0
2021-01-01 19:00:00,29072.70000000,29125.32000000,28950.00000000,29029.04000000,1629.22872100,1609531199999,47324728.28361069,49038,752.04501500,21847593.00496335,0
2021-01-01 20:00:00,29029.04000000,29279.72000000,28880.37000000,29200.96000000,1838.54908200,1609534799999,53590098.13888548,52949,960.22896300,27992651.84744214,0
2021-01-01 21:00:00,29200.97000000,29289.82000000,29130.00000000,29160.39000000,1447.22964100,1609538399999,42285361.51600605,34181,776.32409300,22684651.47220357,0
2021-01-01 22:00:00,29163.17000000,29326.74000000,29104.57000000,29262.32000000,1127.03589700,1609541999999,32972283.53778708,37533,552.48585500,16165226.57121833,0
2021-01-01 23:00:00,29262.32000000,29338.89000000,29228.14000000,29331.69000000,971.12338500,1609545599999,28443882.37070015,28620,523.74728700,15341792.07335345,0
2021-01-02 00:00:00,29331.70000000,29338.59000000,28946.53000000,29197.48000000,2638.15937900,1609549199999,76856531.55900287,56787,1247.24618700,36330827.26651437,0
2021-01-02 01:00:00,29197.93000000,29400.00000000,29100.00000000,29359.47000000,1891.99724900,1609552799999,55385402.78970417,41136,960.49200100,28127469.61077394,0
2021-01-02 02:00:00,29359.46000000,29469.00000000,29320.01000000,29323.82000000,1704.83013700,1609556399999,50111457.75322650,34864,919.10250700,27018817.34672662,0
2021-01-02 03:00:00,29323.82000000,29382.49000000,29256.85000000,29351.95000000,1158.04176100,1609559999999,33963115.16512242,33338,563.83224300,16536321.44525508,0
2021-01-02 04:00:00,29351.95000000,29396.00000000,29220.00000000,29349.63000000,988.71107000,1609563599999,28985783.95102539,36593,513.99851400,15069817.63238660,0
2021-01-02 05:00:00,29349.63000000,29590.00000000,29349.63000000,29589.99000000,2778.87823100,1609567199999,81957934.92152147,48203,1889.25015400,55722199.46021065,0
2021-01-02 06:00:00,29589.99000000,29745.00000000,29450.00000000,29709.07000000,3030.24082000,1609570799999,89791157.01909066,61113,1919.61728100,56884432.27238282,0
2021-01-02 07:00:00,29709.06000000,29820.50000000,29623.31000000,29750.00000000,3067.81272400,1609574399999,91222945.57779763,56853,1999.91714500,59479642.41147299,0
2021-01-02 08:00:00,29751.47000000,29849.11000000,29640.00000000,29844.51000000,2358.08824100,1609577999999,70213292.48882387,55194,1185.87901000,35308597.74347598,0
2021-01-02 09:00:00,29844.52000000,29899.00000000,29578.05000000,29612.87000000,3188.49737500,1609581599999,94891130.35379542,63645,1490.10338400,44368671.01529736,0
2021-01-02 10:00:00,29612.88000000,29829.00000000,29473.91000000,29680.99000000,2315.18233700,1609585199999,68694488.75869353,49466,1119.01804200,33209227.51330484,0
2021-01-02 11:00:00,29679.51000000,29780.53000000,29622.79000000,29755.00000000,1365.03665500,1609588799999,40570945.42355006,29571,598.18892600,17778425.81689583,0
2021-01-02 12:00:00,29754.99000000,30888.00000000,29741.39000000,30604.03000000,12772.56604400,1609592399999,387025691.68456484,200036,7693.61308900,232831158.19322058,0
2021-01-02 13:00:00,30604.03000000,31561.87000000,30521.00000000,31541.17000000,9182.42970300,1609595999999,284862696.67061101,155703,5000.51248100,155171075.80361159,0
2021-01-02 14:00:00,31546.06000000,31567.89000000,31065.00000000,31290.53000000,6447.78389700,1609599599999,201609364.53663465,115280,3104.82695800,97083027.72110683,0
2021-01-02 15:00:00,31290.53000000,31800.00000000,31236.37000000,31691.29000000,5626.19375500,1609603199999,177435149.22325535,97954,2936.49097300,92602951.94086850,0
2021-01-02 16:00:00,31691.09000000,33000.00000000,31616.42000000,32482.28000000,15432.28518600,1609606799999,500065150.69207718,243515,7704.18957300,249664588.17049993,0
2021-01-02 17:00:00,32484.28000000,32935.00000000,32394.77000000,32856.96000000,6402.18070100,1609610399999,209101591.46210164,106138,3400.89904700,111088781.87106785,0
2021-01-02 18:00:00,32856.95000000,33300.00000000,32421.00000000,32999.98000000,7170.29541200,1609613999999,235363454.12117517,107993,3731.00286900,122570325.41192683,0
2021-01-02 19:00:00,32999.98000000,33220.00000000,32690.00000000,33027.20000000,5844.85649900,1609617599999,192991798.29034694,100521,3074.28482400,101527404.04491779,0
2021-01-02 20:00:00,33027.20000000,33061.37000000,30550.00000000,30667.22000000,15733.28311200,1609621199999,504482345.09340442,213120,7147.18982200,229365443.72211530,0
2021-01-02 21:00:00,30669.43000000,32005.94000000,30300.00000000,31694.59000000,10395.12064200,1609624799999,326513926.94158377,161944,5285.50818400,165946681.21302372,0
2021-01-02 22:00:00,31693.53000000,32311.92000000,31424.96000000,32145.66000000,3879.06209400,1609628399999,124189288.57427153,91572,1766.47715100,56575341.60307028,0
2021-01-02 23:00:00,32143.53000000,32246.67000000,31500.00000000,32178.33000000,4622.34033800,1609631999999,147557520.62016068,85383,2194.66488100,70073494.65701959,0
2021-01-03 00:00:00,32176.45000000,32497.80000000,31962.99000000,32447.94000000,3346.06214100,1609635599999,108006253.42272902,63472,1758.75207800,56783635.03682368,0
2021-01-03 01:00:00,32447.95000000,32790.07000000,32201.00000000,32585.09000000,3401.15220700,1609639199999,110773399.69333609,70692,1770.81858900,57671008.07579552,0
2021-01-03 02:00:00,32583.04000000,32884.09000000,32550.00000000,32741.67000000,2017.20975900,1609642799999,66039545.22800387,48226,1010.49816300,33089617.80521227,0
2021-01-03 03:00:00,32741.68000000,32756.00000000,32404.00000000,32573.87000000,2125.87880000,1609646399999,69347477.45908845,46215,899.91924100,29356251.53461650,0
2021-01-03 04:00:00,32576.11000000,33250.00000000,32450.00000000,33192.53000000,3436.07098400,1609649999999,112792746.66880588,60917,2045.68522700,67209328.65906662,0
2021-01-03 05:00:00,33192.53000000,34180.00000000,33109.44000000,33758.67000000,10355.07031500,1609653599999,350167811.09683042,176812,5513.67143800,186390893.19406770,0
2021-01-03 06:00:00,33758.67000000,34110.05000000,33651.12000000,33967.13000000,4526.91097400,1609657199999,153551636.94704574,95086,2360.33759000,80068532.23998821,0
2021-01-03 07:00:00,33967.13000000,34778.11000000,33737.19000000,34452.34000000,7968.07402300,1609660799999,273877823.02471700,135337,3835.12822700,131801254.42768407,0
2021-01-03 08:00:00,34451.78000000,34670.41000000,33757.29000000,34367.68000000,6146.77411200,1609664399999,210713141.05225317,110795,2947.24110400,101077763.49754152,0
2021-01-03 09:00:00,34367.35000000,34588.88000000,33800.00000000,34190.55000000,6052.67897200,1609667999999,206713459.38775728,114590,2746.05092500,93808940.47277085,0
2021-01-03 10:00:00,34189.98000000,34350.00000000,33403.00000000,33877.96000000,6335.22664200,1609671599999,214615660.03475803,120518,3038.83693400,102960933.70594279,0
2021-01-03 11:00:00,33877.96000000,34450.00000000,33787.55000000,34413.53000000,4116.85314100,1609675199999,140535081.14537481,92262,2255.03787400,76986787.81280623,0
2021-01-03 12:00:00,34413.53000000,34600.00000000,33928.75000000,34103.72000000,4546.28348100,1609678799999,155830593.73039518,89900,2266.26171700,77715495.36382322,0
2021-01-03 13:00:00,34103.73000000,34385.02000000,33800.00000000,33880.00000000,4373.73837600,1609682399999,149031480.84569385,87957,2050.56080100,69890174.70069015,0
2021-01-03 14:00:00,33877.98000000,34150.00000000,33450.00000000,33811.54000000,5928.80556300,1609685999999,200638151.95697655,112757,2900.71102100,98139759.78261895,0
2021-01-03 15:00:00,33811.54000000,33873.45000000,32727.00000000,33506.62000000,8391.24975700,1609689599999,279582888.95484869,140091,3792.71472900,126401018.81240185,0
2021-01-03 16:00:00,33505.15000000,33822.69000000,32650.00000000,32676.74000000,7983.73912500,1609693199999,266031558.97452663,129178,3881.70200600,129341713.44537748,0
2021-01-03 17:00:00,32676.75000000,33333.33000000,32454.73000000,32909.27000000,7447.80916300,1609696799999,244812012.99385249,135756,3643.79336400,119852164.82576344,0
2021-01-03 18:00:00,32907.51000000,33031.57000000,32267.00000000,32769.76000000,4707.19994300,1609700399999,153750662.05561621,94512,2355.51975900,76959635.32715938,0
2021-01-03 19:00:00,32769.79000000,32930.00000000,32455.71000000,32772.21000000,2288.43941200,1609703999999,74825548.95742354,73266,1072.31709100,35065540.58420238,0
2021-01-03 20:00:00,32775.10000000,33816.00000000,32727.10000000,33726.21000000,5420.67818300,1609707599999,181382884.16276131,111426,2919.38549700,97677133.65780773,0
2021-01-03 21:00:00,33725.72000000,33861.92000000,33506.00000000,33558.34000000,2123.06799200,1609711199999,71508817.93767056,76216,1052.73779500,35464167.05367330,0
2021-01-03 22:00:00,33559.06000000,33661.10000000,33000.00000000,33119.14000000,2841.03309300,1609714799999,94606664.88271222,74965,1251.99851100,41712740.73810901,0
2021-01-03 23:00:00,33119.14000000,33600.00000000,32600.00000000,33000.05000000,5077.56059200,1609718399999,168463124.87883950,108752,2380.65319000,79003943.17790337,0
2021-01-04 00:00:00,33000.05000000,33111.44000000,32400.25000000,32843.88000000,4792.20683100,1609721999999,157090780.02866342,102303,2337.32205000,76640069.54148755,0
2021-01-04 01:00:00,32843.89000000,33327.00000000,32602.47000000,33191.04000000,3390.02387200,1609725599999,111723279.13155555,77232,1619.89909700,53373905.14610674,0
2021-01-04 02:00:00,33191.05000000,33588.00000000,32958.38000000,33454.22000000,3180.35078300,1609729199999,105765257.03035539,73174,1565.73680600,52080821.90135500,0
2021-01-04 03:00:00,33454.21000000,33510.71000000,33160.00000000,33505.16000000,3174.20913400,1609732799999,105885637.67106639,74546,1550.96606000,51736216.72372775,0
2021-01-04 04:00:00,33505.15000000,33600.00000000,33186.14000000,33257.55000000,3167.02927300,1609736399999,105695860.81390999,70718,1582.28668800,52806095.53989332,0
2021-01-04 05:00:00,33257.56000000,33315.90000000,32802.25000000,32813.01000000,3990.70088000,1609739999999,132098247.27391540,86995,1912.44957000,63309431.04982456,0
2021-01-04 06:00:00,32813.01000000,33408.00000000,32813.00000000,33100.02000000,4768.76492800,1609743599999,157679676.36409471,93791,2665.12417700,88130614.48937725,0
2021-01-04 07:00:00,33100.02000000,33148.69000000,31505.00000000,32068.84000000,9472.37682800,1609747199999,305928119.96734844,163230,4856.66906300,156851370.47884084,0
2021-01-04 08:00:00,32068.84000000,32567.88000000,31450.00000000,32045.14000000,6529.25324800,1609750799999,209132998.40311764,125127,2998.78773300,96102959.13230930,0
2021-01-04 09:00:00,32045.15000000,32152.15000000,30248.85000000,31038.63000000,11271.89653100,1609754399999,351321935.49618102,173055,5038.68188200,157122742.24963213,0
2021-01-04 10:00:00,31038.35000000,31227.33000000,28130.00000000,30270.76000000,19376.83117900,1609757999999,573629351.31642204,305630,9223.43025700,273302725.96630042,0
2021-01-04 11:00:00,30270.76000000,30900.20000000,29400.00000000,30743.06000000,9413.49006700,1609761599999,283733132.88333011,170181,4539.81272700,136956401.56307816,0
2021-01-04 12:00:00,30742.99000000,31434.07000000,30454.25000000,31219.02000000,8316.88082800,1609765199999,257727418.56933529,153242,3929.17547400,121744030.72879640,0
2021-01-04 13:00:00,31219.03000000,31400.00000000,30600.00000000,31400.00000000,5474.65478700,1609768799999,169692056.80846927,101540,2600.95311600,80643934.90996195,0
2021-01-04 14:00:00,31400.00000000,32167.93000000,31400.00000000,32113.68000000,7479.38358700,1609772399999,237746821.62135450,116397,3581.67988600,113853118.14224021,0
2021-01-04 15:00:00,32113.68000000,32185.67000000,31550.00000000,31745.72000000,5321.62025100,1609775999999,169560823.38397644,99381,2505.70734700,79819154.00419214,0
2021-01-04 16:00:00,31745.71000000,31920.00000000,30723.00000000,31320.31000000,8174.28578300,1609779599999,255043539.07925110,133682,4187.51493100,130621147.14683560,0
2021-01-04 17:00:00,31320.30000000,31523.01000000,30626.36000000,31024.17000000,4962.56272900,1609783199999,153975400.83942578,96732,2613.69739000,81111771.17490149,0
2021-01-04 18:00:00,31022.25000000,31465.44000000,31001.00000000,31165.16000000,3361.43987000,1609786799999,104948080.87133230,73391,1896.89392700,59231323.65317481,0
2021-01-04 19:00:00,31165.16000000,31855.75000000,31104.99000000,31665.51000000,3388.37222100,1609790399999,106758748.38653801,71762,1753.38870200,55257387.68892296,0
2021-01-04 20:00:00,31665.52000000,31830.95000000,31210.00000000,31244.97000000,2850.96308700,1609793999999,89770988.08670449,64911,1329.17277400,41858872.75067731,0
2021-01-04 21:00:00,31244.97000000,31579.00000000,30856.08000000,31014.27000000,3202.45612700,1609797599999,99727509.60811839,74424,1548.02173100,48215339.25595822,0
2021-01-04 22:00:00,31014.27000000,31474.78000000,30950.00000000,31332.05000000,1646.48413800,1609801199999,51480692.96027581,54923,906.95705200,28362489.62653594,0
2021-01-04 23:00:00,31332.05000000,32031.01000000,31150.00000000,31988.71000000,4193.64872800,1609804799999,132893993.10060339,86041,2344.14079000,74303486.15285786,0
2021-01-05 00:00:00,31989.75000000,32853.38000000,31989.74000000,32430.49000000,7707.64341000,1609808399999,250007916.90775211,127581,4569.48199000,148144849.10568232,0
2021-01-05 01:00:00,32430.69000000,32796.00000000,32224.25000000,32786.06000000,4246.96065000,1609811999999,138118302.36451834,83071,2295.49344300,74675015.21841346,0
2021-01-05 02:00:00,32786.05000000,32828.26000000,32221.10000000,32306.64000000,3163.43004400,1609815599999,102893990.21816806,65391,1571.90279200,51120318.98503503,0
2021-01-05 03:00:00,32306.64000000,32536.09000000,31130.86000000,31200.00000000,5695.04449600,1609819199999,181350412.23885364,112880,2751.73680400,87713825.89386314,0
2021-01-05 04:00:00,31190.04000000,31538.45000000,30418.00000000,30858.98000000,7229.48636600,1609822799999,224769397.84667815,157600,3122.03990900,97170832.72847822,0
2021-01-05 05:00:00,30858.98000000,31366.16000000,29900.00000000,30436.25000000,6366.97612400,1609826399999,195158786.10553854,159593,2694.13433100,82666054.53886334,0
2021-01-05 06:00:00,30436.26000000,31270.43000000,29900.00000000,31123.25000000,6611.21073500,1609829999999,202286248.33256154,127994,3659.29882200,111844754.48935623,0
2021-01-05 07:00:00,31123.25000000,31312.03000000,30759.47000000,30817.77000000,2811.38395300,1609833599999,87206069.28127892,71734,1279.15583000,39679285.44614070,0
2021-01-05 08:00:00,30817.78000000,31522.19000000,30817.78000000,31192.09000000,3237.12095700,1609837199999,101016094.16648097,88984,1691.74721800,52801113.11961794,0
2021-01-05 09:00:00,31192.16000000,31821.94000000,31157.90000000,31569.63000000,3935.59797900,1609840799999,124016625.84180410,91763,2077.94349900,65482399.52003036,0
2021-01-05 10:00:00,31569.63000000,31687.11000000,31088.33000000,31345.77000000,3174.76039600,1609844399999,99666137.72028313,81295,1624.61121700,51008190.21588990,0
2021-01-05 11:00:00,31347.73000000,31777.00000000,31284.15000000,31776.66000000,2908.12176800,1609847999999,91671919.09848990,72492,1608.73697700,50727750.80430447,0
2021-01-05 12:00:00,31776.66000000,32057.13000000,31563.84000000,31585.01000000,4161.55133400,1609851599999,132493096.80311255,94633,2278.18509000,72558530.75037737,0
2021-01-05 13:00:00,31585.00000000,31900.00000000,31416.27000000,31460.01000000,2523.02316500,1609855199999,79971740.01184837,64040,1248.02063100,39565656.12394609,0
2021-01-05 14:00:00,31460.11000000,32375.07000000,31111.78000000,32342.33000000,5942.10285400,1609858799999,188316129.32606876,137989,3384.55523600,107337665.44604894,0
2021-01-05 15:00:00,32343.61000000,32374.31000000,31929.41000000,32099.98000000,3616.59901600,1609862399999,116161069.22208343,98120,1862.74385500,59830250.35901147,0
2021-01-05 16:00:00,32099.97000000,32670.00000000,31763.23000000,32469.90000000,4926.17161600,1609865999999,159348378.63575512,114817,2517.10906500,81421262.10859769,0
2021-01-05 17:00:00,32469.90000000,32790.00000000,32254.18000000,32742.73000000,3599.64571800,1609869599999,116970729.32707121,82231,1693.39973600,55049206.49118736,0
2021-01-05 18:00:00,32742.73000000,33433.55000000,32650.03000000,33372.84000000,6647.00992100,1609873199999,219940103.11654606,129769,3830.69609100,126730979.20382337,0
2021-01-05 19:00:00,33372.83000000,34187.09000000,33098.82000000,33697.75000000,8659.33850300,1609876799999,292047625.83670093,179774,4641.04381700,156580281.19993935,0
2021-01-05 20:00:00,33693.80000000,34044.13000000,33318.00000000,33969.17000000,5800.65390700,1609880399999,195673767.39849565,106875,2778.60271100,93787060.66580112,0
2021-01-05 21:00:00,33968.66000000,33996.03000000,33471.94000000,33699.63000000,3682.07415100,1609883999999,124381906.41438341,74894,1702.31561300,57517127.96443939,0
2021-01-05 22:00:00,33699.63000000,34360.00000000,33695.60000000,34183.42000000,4616.40333400,1609887599999,157718468.59895870,113239,2717.78634600,92848224.48505438,0
2021-01-05 23:00:00,34183.43000000,34284.91000000,33650.00000000,33949.53000000,4787.68664100,1609891199999,162432229.83348370,90092,2091.01373200,70934458.77764801,0
2021-01-06 00:00:00,33949.53000000,34107.59000000,33288.00000000,33918.01000000,6106.35192400,1609894799999,205743581.04425707,99660,2516.25996100,84812005.34531709,0
2021-01-06 01:00:00,33918.01000000,34018.93000000,33513.05000000,33811.28000000,3237.65935400,1609898399999,109289337.46651398,62378,1475.38110700,49802826.13141871,0
2021-01-06 02:00:00,33811.28000000,34135.84000000,33768.32000000,33873.30000000,3252.25455600,1609901999999,110509015.75623268,60510,1626.42308100,55274032.44717988,0
2021-01-06 03:00:00,33873.30000000,34170.00000000,33652.00000000,34117.59000000,3183.08804500,1609905599999,107858643.06601506,79479,1672.00819000,56692634.90742621,0
2021-01-06 04:00:00,34116.76000000,35766.58000000,34109.83000000,35325.91000000,12735.41762700,1609909199999,444922768.19202013,211886,7910.03825500,275960969.40718472,0
2021-01-06 05:00:00,35326.82000000,35590.00000000,34510.00000000,34978.91000000,5595.78367600,1609912799999,196115940.87795285,106461,2891.38405100,101402148.66539782,0
2021-01-06 06:00:00,34977.27000000,35229.10000000,34782.44000000,35125.51000000,3923.02640300,1609916399999,137467483.49545430,82118,2054.11388500,71979294.60308102,0
2021-01-06 07:00:00,35125.49000000,35248.63000000,34350.00000000,34676.40000000,3898.73728400,1609919999999,135685914.15764905,90102,1874.10273300,65256486.63670632,0
2021-01-06 08:00:00,34666.80000000,34950.77000000,34015.00000000,34594.28000000,5094.75919600,1609923599999,176018487.58908296,104746,2360.74276200,81573834.44700668,0
2021-01-06 09:00:00,34596.08000000,34607.69000000,33357.90000000,33919.50000000,5753.91297000,1609927199999,195480943.58159614,116923,2559.39339000,86977436.94551326,0
2021-01-06 10:00:00,33919.50000000,34550.00000000,33834.61000000,34417.36000000,3851.57425900,1609930799999,132191268.15797724,81692,1875.01912600,64352205.86680140,0
2021-01-06 11:00:00,34417.37000000,35200.00000000,34342.87000000,34918.53000000,6362.80414200,1609934399999,221652511.71656262,135283,3225.56840900,112395840.12698986,0
2021-01-06 12:00:00,34918.54000000,35088.00000000,34415.61000000,34929.87000000,4569.51466500,1609937999999,158781299.83276104,111089,2339.06150000,81279110.68771631,0
2021-01-06 13:00:00,34929.87000000,35050.00000000,34300.00000000,34550.00000000,4296.27233100,1609941599999,148666291.75269622,101607,2028.18287800,70209071.06286720,0
2021-01-06 14:00:00,34549.99000000,34593.50000000,34052.42000000,34213.46000000,5728.36809500,1609945199999,196539271.47079065,118986,2687.80804700,92234560.97504688,0
2021-01-06 15:00:00,34213.58000000,34790.00000000,34150.00000000,34566.19000000,4050.15684800,1609948799999,139949954.84675728,84656,1858.52932300,64217961.06072499,0
2021-01-06 16:00:00,34566.18000000,35076.42000000,34372.92000000,34612.41000000,6142.98629100,1609952399999,213765663.67000848,119999,2805.93946000,97707179.71105734,0
2021-01-06 17:00:00,34615.98000000,35057.81000000,34562.00000000,34898.52000000,3410.29344000,1609955999999,118876311.09590797,78917,1651.60960300,57594103.95804292,0
2021-01-06 18:00:00,34898.52000000,35245.00000000,34894.22000000,35215.75000000,3704.00848100,1609959599999,130045690.18758426,79341,1818.20697700,63842688.84232041,0
2021-01-06 19:00:00,35215.75000000,35695.00000000,34652.60000000,34816.72000000,5619.20776800,1609963199999,198986931.55874261,127198,2772.62367000,98244633.93981346,0
2021-01-06 20:00:00,34818.95000000,36250.00000000,34280.00000000,36015.88000000,10922.41272400,1609966799999,384838155.99124447,211465,5441.59735300,192130710.80364409,0
2021-01-06 21:00:00,36015.16000000,36470.00000000,35650.00000000,35874.16000000,7481.32434800,1609970399999,269663315.99895945,143699,3530.87547100,127294676.33943071,0
2021-01-06 22:00:00,35869.97000000,36379.99000000,35700.92000000,35989.63000000,2717.84739300,1609973999999,98138204.77164020,84495,1258.44650600,45453405.34245312,0
2021-01-06 23:00:00,35989.64000000,36939.21000000,35949.12000000,36769.36000000,5501.43949000,1609977599999,200767262.24120768,99093,2819.59891400,102944651.96840851,0
2021-01-07 00:00:00,36769.36000000,37287.63000000,36422.71000000,37150.66000000,6259.57897800,1609981199999,231127540.88700173,126956,3276.04372500,121035260.46323515,0
2021-01-07 01:00:00,37150.66000000,37227.61000000,36615.83000000,36871.47000000,4542.03973000,1609984799999,167744153.75912638,92343,2188.22221600,80834008.77942776,0
2021-01-07 02:00:00,36871.47000000,37087.01000000,36456.00000000,36962.37000000,4112.98100900,1609988399999,151378625.95657551,75846,1862.59406500,68560321.70436183,0
2021-01-07 03:00:00,36962.37000000,37699.00000000,36926.53000000,37454.48000000,4747.64690900,1609991999999,177380063.69681458,102236,2489.39129500,93000819.42241232,0
2021-01-07 04:00:00,37452.62000000,37550.00000000,37056.12000000,37450.95000000,4099.95384100,1609995599999,153032050.67556983,93723,1967.84767900,73462310.91837377,0
2021-01-07 05:00:00,37450.95000000,37700.80000000,37100.77000000,37347.20000000,4337.60029100,1609999199999,162305184.42616053,88626,2189.33091400,81931971.65715822,0
2021-01-07 06:00:00,37347.20000000,37439.75000000,36710.00000000,37130.84000000,4095.35114000,1610002799999,151906540.45678327,102410,1749.23592800,64883857.26010562,0
2021-01-07 07:00:00,37130.85000000,37338.72000000,36720.00000000,36859.85000000,3782.27688600,1610006399999,140083390.80394544,91008,1623.22536900,60156275.89779950,0
2021-01-07 08:00:00,36863.04000000,37350.00000000,36300.00000000,37217.55000000,5254.61020900,1610009999999,193767393.70327787,105341,2307.40234300,85144391.17514270,0
2021-01-07 09:00:00,37217.55000000,37500.99000000,36905.00000000,37492.69000000,4407.04559400,1610013599999,163843785.85139342,73931,2244.72536700,83506486.68795209,0
2021-01-07 10:00:00,37492.70000000,37500.00000000,36920.00000000,37045.45000000,3236.82271800,1610017199999,120314344.26502907,73246,1456.95604700,54166648.01214179,0
2021-01-07 11:00:00,37045.45000000,37913.72000000,37038.97000000,37822.09000000,4315.49039700,1610020799999,161597115.72571475,93785,2370.94087800,88851600.37871656,0
2021-01-07 12:00:00,37825.64000000,38200.00000000,37518.00000000,37941.36000000,6363.35906900,1610024399999,241319458.86435367,126651,3103.65779600,117756120.27681301,0
2021-01-07 13:00:00,37941.37000000,38429.00000000,37900.00000000,38161.60000000,5364.34606600,1610027999999,205106242.97582551,109894,2583.94624000,98802410.05574995,0
2021-01-07 14:00:00,38161.60000000,38644.76000000,38079.02000000,38453.97000000,5516.63370100,1610031599999,211915217.15929497,127201,2553.52547300,98119133.15050093,0
2021-01-07 15:00:00,38450.51000000,38970.42000000,38062.75000000,38970.42000000,5401.36264100,1610035199999,208049947.52961345,108411,2618.40335000,100917730.45469424,0
2021-01-07 16:00:00,38970.41000000,39500.00000000,38921.49000000,39120.01000000,8054.61611400,1610038799999,315624646.46786094,152513,4140.22882300,162292200.88514323,0
2021-01-07 17:00:00,39120.01000000,39775.00000000,39101.36000000,39732.92000000,4853.72990500,1610042399999,191791634.74751861,118869,2607.77573300,103049642.73116991,0
2021-01-07 18:00:00,39732.92000000,40365.00000000,36500.00000000,38948.48000000,16920.67287100,1610045999999,656141657.34246253,352801,8352.78240100,324987958.80568612,0
2021-01-07 19:00:00,38907.58000000,39236.12000000,37493.52000000,39062.00000000,9539.54129200,1610049599999,367676058.94426181,178227,4568.73751400,176185972.74372717,0
2021-01-07 20:00:00,39061.99000000,39199.33000000,38352.88000000,39109.38000000,4364.13361200,1610053199999,169359110.49023060,97943,2132.34871100,82796137.61577405,0
2021-01-07 21:00:00,39111.34000000,39882.07000000,38908.11000000,39687.11000000,4533.61478900,1610056799999,178905952.02809147,98626,2237.72931700,88336681.65941423,0
2021-01-07 22:00:00,39687.11000000,39969.00000000,39150.00000000,39665.92000000,2855.62721000,1610060399999,113198084.48035602,94586,1413.94892000,56075175.26137254,0
2021-01-07 23:00:00,39666.00000000,39680.54000000,38541.38000000,39432.28000000,5866.66546500,1610063999999,229001742.14610960,129513,3016.10703200,117730123.85962437,0
2021-01-08 00:00:00,39432.48000000,39699.87000000,38793.23000000,38793.23000000,3387.17488900,1610067599999,133184446.37639539,92545,1535.35775800,60395220.31993304,0
2021-01-08 01:00:00,38793.24000000,39000.00000000,37800.00000000,38681.37000000,5775.38926500,1610071199999,222320078.64383120,118187,2477.23985000,95426783.89717878,0
2021-01-08 02:00:00,38681.38000000,38692.83000000,36500.00000000,37181.74000000,9364.24713500,1610074799999,350671968.12783984,184588,4041.02930300,151433666.58874171,0
2021-01-08 03:00:00,37181.74000000,38460.13000000,37068.40000000,38347.10000000,5036.74691800,1610078399999,191531646.49060035,107958,2279.00721300,86658079.51130932,0
2021-01-08 04:00:00,38347.11000000,38949.97000000,38155.61000000,38668.92000000,5126.66640200,1610081999999,198141885.51559744,92378,2021.91847700,78103095.87348774,0
2021-01-08 05:00:00,38668.92000000,38700.00000000,37895.00000000,37975.25000000,4384.15874300,1610085599999,168179267.74228120,78020,2012.30775600,77208465.01634949,0
2021-01-08 06:00:00,37980.53000000,38685.13000000,37563.92000000,38537.94000000,3989.76181500,1610089199999,152681589.95116749,85138,2001.85591200,76637372.69438687,0
2021-01-08 07:00:00,38538.99000000,39143.80000000,38280.16000000,38930.55000000,4177.46546000,1610092799999,161995711.17798650,91584,2176.84316200,84394619.63586086,0
2021-01-08 08:00:00,38929.56000000,38985.06000000,38414.70000000,38648.95000000,3277.73807000,1610096399999,126726366.48661977,77560,1404.58769600,54299270.78439706,0
2021-01-08 09:00:00,38648.96000000,39374.22000000,38222.00000000,39358.34000000,3995.80383300,1610099999999,155055524.72934390,92046,2098.95693900,81516294.63929747,0
2021-01-08 10:00:00,39358.99000000,41057.79000000,39220.00000000,40721.45000000,10298.22132600,1610103599999,413988645.03214855,192411,5906.62682800,237456218.24972363,0
2021-01-08 11:00:00,40722.71000000,41500.45000000,40345.39000000,41286.67000000,9286.54999900,1610107199999,381339340.10874931,173240,4686.87248800,192530894.29991795,0
2021-01-08 12:00:00,41286.67000000,41785.90000000,40857.37000000,41316.91000000,7590.27892700,1610110799999,314289402.99398151,161233,3735.09226700,154675080.03643654,0
2021-01-08 13:00:00,41318.03000000,41641.83000000,40700.00000000,41311.18000000,5331.45266600,1610114399999,219726996.61805144,102736,2445.95779600,100799684.72757314,0
2021-01-08 14:00:00,41313.24000000,41564.72000000,40970.22000000,41454.13000000,3918.18065100,1610117999999,161743369.58990013,85972,1841.48903700,76024773.29519918,0
2021-01-08 15:00:00,41454.13000000,41950.00000000,39777.00000000,40829.08000000,12863.95161700,1610121599999,525866974.42447445,235224,6229.06949100,254988062.90513028,0
2021-01-08 16:00:00,40829.07000000,41600.00000000,40359.67000000,41303.42000000,6293.05875900,1610125199999,258570569.68834122,125823,3214.27634400,132138012.65968989,0
2021-01-08 17:00:00,41303.41000000,41556.19000000,40888.88000000,41009.07000000,3675.20465500,1610128799999,151525080.93204277,89742,1723.71079700,71085850.10289584,0
2021-01-08 18:00:00,41009.08000000,41153.00000000,39800.00000000,39920.39000000,6673.74778200,1610132399999,269890839.41926600,137300,3102.08551100,125500203.58850049,0
2021-01-08 19:00:00,39920.67000000,40700.00000000,39900.35000000,40365.09000000,3881.07246400,1610135999999,156704308.94925451,89817,1932.09680700,78005779.48646475,0
2021-01-08 20:00:00,40365.09000000,40500.00000000,38888.00000000,39059.15000000,9598.07354700,1610139599999,379934389.42082304,202984,4299.54077700,170262552.06710307,0
2021-01-08 21:00:00,39062.88000000,40116.37000000,38652.00000000,40075.82000000,6171.36420800,1610143199999,243712568.15469437,130312,3138.47475100,124040437.03498383,0
2021-01-08 22:00:00,40075.82000000,40785.00000000,39740.95000000,40674.45000000,3008.04856300,1610146799999,121290642.62703400,94417,1635.90693200,66006341.65049416,0
2021-01-08 23:00:00,40672.02000000,40937.77000000,40465.76000000,40582.81000000,2685.59980500,1610150399999,109371595.53094099,84417,1359.85132400,55388686.91384988,0
2021-01-09 00:00:00,40586.96000000,40976.13000000,39980.27000000,40283.56000000,4382.25498300,1610153999999,177655228.53915624,103817,2141.19214700,86818834.61634393,0
2021-01-09 01:00:00,40286.09000000,40321.92000000,39710.00000000,40198.56000000,4543.73605600,1610157599999,181652860.51564185,96651,2692.28448800,107572784.19722243,0
2021-01-09 02:00:00,40196.51000000,40561.97000000,39500.00000000,39973.00000000,3032.04654100,1610161199999,121509932.94021643,82121,1435.85659600,57585613.15612918,0
2021-01-09 03:00:00,39973.00000000,40376.69000000,39709.61000000,40211.59000000,1917.78678000,1610164799999,76876333.83329589,63739,1008.92029900,40451251.06765757,0
2021-01-09 04:00:00,40209.91000000,40490.00000000,39805.03000000,40206.44000000,1976.48437300,1610168399999,79389762.67386835,61321,1017.80459500,40890105.65787203,0
2021-01-09 05:00:00,40206.43000000,40206.43000000,39154.48000000,39295.37000000,3025.04162500,1610171999999,120011440.79497736,89565,1302.19304900,51661984.99372342,0
2021-01-09 06:00:00,39293.41000000,39627.11000000,38888.00000000,38984.86000000,4352.60593700,1610175599999,170621480.12389127,110337,2071.80838400,81239150.25345556,0
2021-01-09 07:00:00,38978.46000000,39692.00000000,38720.00000000,39638.61000000,3109.88920900,1610179199999,122140688.02104703,82441,1509.83574400,59314191.04526394,0
2021-01-09 08:00:00,39639.21000000,40254.42000000,39290.86000000,40172.14000000,3081.99328900,1610182799999,122880599.47300186,90034,1584.08594000,63156447.14670606,0
2021-01-09 09:00:00,40167.54000000,40790.00000000,40164.03000000,40348.35000000,3653.41544700,1610186399999,147912608.83417118,104095,1909.70882100,77317388.90252549,0
2021-01-09 10:00:00,40348.36000000,40800.00000000,40105.51000000,40376.03000000,3130.35655800,1610189999999,126596569.76688394,79151,1730.68526900,70010726.83355768,0
2021-01-09 11:00:00,40376.03000000,41237.44000000,40256.73000000,40565.77000000,4682.99124700,1610193599999,191114775.55476880,116488,2464.97070500,100614480.25360964,0
2021-01-09 12:00:00,40565.77000000,40912.48000000,40410.01000000,40874.99000000,2732.20120400,1610197199999,111129222.70939649,70238,1257.34703500,51151916.78860784,0
2021-01-09 13:00:00,40874.99000000,41222.00000000,40679.10000000,41051.65000000,3818.65745000,1610200799999,156480184.02975569,101156,2072.39056900,84932555.31609088,0
2021-01-09 14:00:00,41051.66000000,41380.00000000,40700.00000000,40819.01000000,3867.78119200,1610204399999,158901525.79577861,88998,1822.97645100,74917120.30373793,0
2021-01-09 15:00:00,40819.01000000,40953.00000000,40200.00000000,40525.15000000,3364.43316400,1610207999999,136453850.42727688,84201,1463.88630700,59385675.97324527,0
2021-01-09 16:00:00,40525.16000000,40649.96000000,39869.00000000,39995.10000000,3942.09517300,1610211599999,158583517.38012921,101902,1796.07266100,72296374.56676844,0
2021-01-09 17:00:00,39995.09000000,40586.87000000,39985.45000000,40421.40000000,2205.65303100,1610215199999,89095373.96045112,61685,1020.70532900,41227222.26393196,0
2021-01-09 18:00:00,40421.40000000,40800.00000000,40417.36000000,40650.01000000,2109.16468000,1610218799999,85758517.67667532,52834,981.61560500,39911873.45195525,0
2021-01-09 19:00:00,40650.00000000,40880.00000000,40469.40000000,40665.91000000,1864.14249300,1610222399999,75910582.21499661,55768,872.92464400,35551251.89398528,0
2021-01-09 20:00:00,40665.91000000,40781.69000000,40050.00000000,40606.22000000,3330.65176500,1610225999999,134668657.46555306,86204,1391.85841300,56271189.87607031,0
2021-01-09 21:00:00,40610.35000000,40755.00000000,40483.17000000,40718.80000000,2433.80943000,1610229599999,98937085.11211261,74533,1240.05516100,50413543.31466746,0
2021-01-09 22:00:00,40718.81000000,40743.47000000,40120.00000000,40281.09000000,1973.25228700,1610233199999,79649919.17291718,63216,838.83016500,33852664.82209105,0
2021-01-09 23:00:00,40283.73000000,40415.01000000,39928.91000000,40088.22000000,3255.53576100,1610236799999,130848312.14581371,77661,1379.31353200,55446358.85648048,0
2021-01-10 00:00:00,40088.22000000,40736.76000000,40087.15000000,40581.48000000,2697.15194400,1610240399999,109155020.52709842,75975,1543.34335800,62462569.75783142,0
2021-01-10 01:00:00,40581.48000000,41350.00000000,40450.05000000,41141.56000000,4299.15250200,1610243999999,176409335.99983746,113141,2465.14578900,101163164.33525845,0
2021-01-10 02:00:00,41141.55000000,41145.21000000,40814.04000000,40945.28000000,2353.85274600,1610247599999,96509933.21078183,56820,1229.29344600,50403266.36756701,0
2021-01-10 03:00:00,40942.75000000,40991.20000000,40250.00000000,40316.64000000,2477.28851200,1610251199999,100527756.90546729,68596,1059.09531200,42978114.80649500,0
2021-01-10 04:00:00,40320.67000000,40602.29000000,40050.00000000,40342.46000000,2786.99680900,1610254799999,112516572.97811659,70179,1322.10144800,53381207.04924366,0
2021-01-10 05:00:00,40342.46000000,40665.23000000,40260.00000000,40451.84000000,2044.47910700,1610258399999,82813349.32221709,65702,1046.79288200,42400439.71816490,0
2021-01-10 06:00:00,40451.74000000,41073.26000000,40350.00000000,40904.50000000,2194.91295100,1610261999999,89548994.99182704,68652,1216.59895900,49648322.96046531,0
2021-01-10 07:00:00,40904.50000000,41066.62000000,40660.88000000,40978.57000000,2143.46227300,1610265599999,87593443.12207167,63012,1095.48870200,44771683.38289097,0
2021-01-10 08:00:00,40978.57000000,41033.00000000,40555.00000000,40798.29000000,2415.93133500,1610269199999,98459402.84023767,82913,1139.52099300,46443938.63195148,0
2021-01-10 09:00:00,40798.30000000,41060.00000000,40732.00000000,40768.48000000,2642.95874700,1610272799999,108097086.74610234,71415,1009.83609300,41306154.06184283,0
2021-01-10 10:00:00,40768.30000000,40850.00000000,40000.00000000,40429.20000000,5145.08674100,1610276399999,208070825.51832275,124172,2023.15898700,81826579.79037870,0
2021-01-10 11:00:00,40429.19000000,40429.56000000,38888.00000000,39181.76000000,8619.31148000,1610279999999,340819805.54859064,168941,3503.14974300,138513763.62529143,0
2021-01-10 12:00:00,39175.09000000,39777.77000000,38450.00000000,39538.57000000,6929.93683900,1610283599999,272139723.43016981,139744,3065.68497500,120437034.47289807,0
2021-01-10 13:00:00,39538.56000000,40126.00000000,39426.59000000,39800.90000000,3799.31660300,1610287199999,151386269.92626396,83841,1768.26710900,70464133.46351778,0
2021-01-10 14:00:00,39800.89000000,39847.26000000,39247.54000000,39431.59000000,3199.91402300,1610290799999,126603785.26782930,77289,1532.49150500,60635642.53692478,0
2021-01-10 15:00:00,39431.58000000,39934.76000000,39062.91000000,39671.81000000,3219.50221900,1610294399999,127407920.98714545,80993,1611.08045900,63765375.53128484,0
2021-01-10 16:00:00,39671.82000000,39757.55000000,39186.16000000,39234.29000000,2904.11345600,1610297999999,114524017.31947872,74323,1433.07218700,56520726.45947023,0
2021-01-10 17:00:00,39232.76000000,39388.20000000,37200.00000000,38571.86000000,12879.62069600,1610301599999,492818910.76509772,227163,5725.16387600,219203034.08690946,0
2021-01-10 18:00:00,38571.95000000,38778.00000000,37675.30000000,38109.68000000,6090.67144700,1610305199999,232738420.47658579,130643,2884.15394500,110233573.65162313,0
2021-01-10 19:00:00,38106.11000000,38536.65000000,37111.00000000,37456.77000000,4232.50255500,1610308799999,160518393.07414801,108389,1964.25189700,74603321.71036708,0
2021-01-10 20:00:00,37472.40000000,37793.50000000,35111.11000000,37718.88000000,18938.32980400,1610312399999,696190674.07068193,326195,9012.74587700,331599928.90450612,0
2021-01-10 21:00:00,37727.29000000,38288.17000000,37525.22000000,38055.30000000,7661.05957300,1610315999999,290757651.27777476,151403,3699.12353900,140413639.82740624,0
2021-01-10 22:00:00,38052.58000000,39000.00000000,37852.09000000,38428.23000000,4739.66852100,1610319599999,183000874.59129449,117221,2172.01141000,83817517.42345978,0
2021-01-10 23:00:00,38429.85000000,38692.79000000,37935.92000000,38150.02000000,3794.32362000,1610323199999,145426560.60992947,81328,1929.77218200,73983764.27227870,0
2021-01-11 00:00:00,38150.02000000,38264.74000000,36501.00000000,37192.10000000,7568.89448700,1610326799999,282133773.45771687,144478,4049.03584600,150713738.61959097,0
2021-01-11 01:00:00,37192.10000000,37824.00000000,36700.09000000,37237.66000000,4215.99647000,1610330399999,157446432.61687462,94031,2195.03542900,81988122.38789822,0
2021-01-11 02:00:00,37237.67000000,37411.00000000,36123.45000000,36363.94000000,6796.57306400,1610333999999,249081305.98087372,139390,3348.44308500,122747565.18522181,0
2021-01-11 03:00:00,36363.93000000,36697.97000000,33600.00000000,35438.23000000,18753.36008200,1610337599999,656910210.24701858,309583,8535.65073900,299259801.78589244,0
2021-01-11 04:00:00,35438.23000000,35999.95000000,34300.00000000,35544.00000000,9555.24165800,1610341199999,336898762.01782967,189085,4654.26643700,164101044.72751303,0
2021-01-11 05:00:00,35542.92000000,35924.19000000,34500.18000000,34904.73000000,7098.49713400,1610344799999,250190079.36343610,144659,3446.91546700,121480349.82035492,0
2021-01-11 06:00:00,34904.73000000,34904.73000000,32550.00000000,32872.63000000,15763.14870700,1610348399999,531586560.33268066,250357,7453.84691700,251729352.83788592,0
2021-01-11 07:00:00,32843.26000000,34739.98000000,32538.00000000,34375.34000000,12674.17128100,1610351999999,427189376.16139185,229890,6321.17451400,213052770.46448799,0
2021-01-11 08:00:00,34372.25000000,35919.86000000,34249.00000000,35430.00000000,6432.36153600,1610355599999,228082153.68068114,128300,3153.09414200,111822658.95592866,0
2021-01-11 09:00:00,35430.00000000,35788.06000000,34800.00000000,35765.98000000,5625.53336200,1610359199999,198581030.52970092,118919,2941.98205400,103896685.62059100,0
2021-01-11 10:00:00,35765.98000000,36360.00000000,35238.01000000,35367.60000000,6245.55977000,1610362799999,223540104.68064499,130986,3054.14129000,109337398.84658899,0
2021-01-11 11:00:00,35368.81000000,35471.00000000,34020.00000000,34198.56000000,7167.26663200,1610366399999,249203003.73990949,139115,3464.14733200,120441070.62626393,0
2021-01-11 12:00:00,34198.55000000,35110.00000000,33308.01000000,34275.64000000,9904.29308300,1610369999999,339316781.85416521,182659,4717.64529300,161750148.94016634,0
2021-01-11 13:00:00,34273.49000000,34450.00000000,32700.00000000,32813.71000000,12794.35086900,1610373599999,428304476.95230326,203687,5855.69846000,196140187.73780490,0
2021-01-11 14:00:00,32808.92000000,33770.11000000,31115.00000000,33299.12000000,23220.78262900,1610377199999,754881732.25507185,328807,12031.06505200,391224660.24487161,0
2021-01-11 15:00:00,33291.56000000,33679.74000000,31415.90000000,31580.00000000,11202.31877200,1610380799999,363657258.00175475,193457,5400.29706900,175495481.43452390,0
2021-01-11 16:00:00,31582.82000000,32250.00000000,30420.00000000,31777.19000000,20017.08514800,1610384399999,622713357.15522214,315778,9679.56884000,301507822.46929914,0
2021-01-11 17:00:00,31771.77000000,33585.17000000,30701.80000000,32839.87000000,16685.08091700,1610387999999,540672713.18962742,267122,7894.19718000,255803459.28721463,0
2021-01-11 18:00:00,32848.96000000,33300.00000000,32432.32000000,32562.10000000,7184.91161600,1610391599999,236361243.57798098,136615,3790.43763800,124760825.98588440,0
2021-01-11 19:00:00,32562.10000000,32737.40000000,31215.00000000,32254.62000000,7289.18436100,1610395199999,233109852.78429258,153369,3655.36676900,116909537.40918899,0
2021-01-11 20:00:00,32254.63000000,33465.48000000,31408.07000000,33409.80000000,8540.91364700,1610398799999,275831078.34556703,164613,4449.32930400,144024400.07326120,0
2021-01-11 21:00:00,33410.75000000,34466.00000000,33076.05000000,33968.09000000,9804.01167300,1610402399999,332651007.11123541,182255,5079.33151000,172360408.62941284,0
2021-01-11 22:00:00,33962.22000000,34892.74000000,33650.00000000,34359.07000000,5403.70363100,1610405999999,185939943.89889369,134198,2760.00313000,95015878.35947188,0
2021-01-11 23:00:00,34361.16000000,35638.55000000,34361.16000000,35404.47000000,9188.29941400,1610409599999,322597532.80513758,150098,4202.73269300,147552912.49598393,0
2021-01-12 00:00:00,35410.37000000,35547.19000000,34287.34000000,34929.98000000,6612.03638100,1610413199999,230807172.42598563,130795,3379.43976300,117972743.51971113,0
2021-01-12 01:00:00,34929.99000000,35457.00000000,33880.00000000,34289.30000000,5087.44237000,1610416799999,176294252.52681766,109515,2522.24534700,87440367.82923286,0
2021-01-12 02:00:00,34289.30000000,34623.87000000,33677.03000000,34399.99000000,4906.32950600,1610420399999,167606696.70177525,95087,2405.92866700,82152277.26820580,0
2021-01-12 03:00:00,34400.00000000,34998.94000000,34182.24000000,34984.96000000,3550.25392100,1610423999999,123057319.46903642,97055,1765.56306700,61222462.04918094,0
2021-01-12 04:00:00,34984.95000000,35326.42000000,34520.69000000,35287.67000000,4020.85751400,1610427599999,140466119.04782501,102515,2176.63926500,76091017.67610453,0
2021-01-12 05:00:00,35284.05000000,35889.00000000,34971.24000000,35882.68000000,5053.27595400,1610431199999,179047386.94075864,98637,2496.53901800,88471391.55265655,0
2021-01-12 06:00:00,35882.68000000,36348.00000000,35720.43000000,35993.93000000,6584.65752400,1610434799999,237381577.99770093,119516,3174.63784200,114447012.13568810,0
2021-01-12 07:00:00,35998.56000000,36628.00000000,35617.67000000,36413.60000000,6162.13428600,1610438399999,222671027.01391058,112864,3206.00270000,115838913.54437513,0
2021-01-12 08:00:00,36413.60000000,36499.98000000,35587.86000000,35773.24000000,5138.33768500,1610441999999,184973179.98963707,101155,2455.05249800,88358289.26096258,0
2021-01-12 09:00:00,35773.23000000,36150.67000000,35370.21000000,35925.76000000,3783.31674300,1610445599999,135595914.73912248,94262,1896.01760800,67969346.30640587,0
2021-01-12 10:00:00,35925.76000000,36150.71000000,34757.00000000,35085.77000000,6437.92750600,1610449199999,226777326.93409420,143080,3053.71030100,107556709.23632782,0
2021-01-12 11:00:00,35085.76000000,35841.01000000,35084.92000000,35410.99000000,4770.00225200,1610452799999,169178056.75008352,86550,2337.22183900,82904323.55164113,0
2021-01-12 12:00:00,35410.99000000,35688.82000000,34850.00000000,35014.75000000,4399.50968300,1610456399999,155060827.99845856,80069,1928.30580100,67994050.23179785,0
2021-01-12 13:00:00,35012.96000000,35399.70000000,33250.00000000,33291.06000000,10038.22509500,1610459999999,343775108.96552814,161263,4514.77093600,154774045.22594566,0
2021-01-12 14:00:00,33286.00000000,34064.25000000,32531.00000000,33426.47000000,11811.35594900,1610463599999,393694368.81381614,189971,5804.71964800,193539539.39731593,0
2021-01-12 15:00:00,33416.47000000,34285.71000000,33406.88000000,33829.40000000,6681.45394200,1610467199999,226445698.58107617,125863,3258.14012000,110431128.74404150,0
2021-01-12 16:00:00,33829.40000000,35000.00000000,33819.11000000,34998.90000000,5939.78549300,1610470799999,205218579.80101925,116044,2942.49110800,101675429.08899601,0
2021-01-12 17:00:00,34998.91000000,35289.67000000,34560.00000000,35012.53000000,5686.97075900,1610474399999,198481126.85605437,109149,2734.77272400,95495054.88031603,0
2021-01-12 18:00:00,35012.54000000,35550.00000000,34810.01000000,35040.78000000,4048.61314400,1610477999999,142422688.30968393,88596,2127.23197400,74898353.32965495,0
2021-01-12 19:00:00,35040.78000000,35040.79000000,34178.89000000,34685.11000000,3815.68001400,1610481599999,132021423.41342590,83351,1861.99156600,64445308.78823963,0
2021-01-12 20:00:00,34686.10000000,34702.22000000,33730.00000000,34287.95000000,5034.97631600,1610485199999,171715989.97505660,113254,2277.29556100,77663317.90100258,0
2021-01-12 21:00:00,34287.95000000,34877.28000000,33801.04000000,34719.03000000,4053.70405600,1610488799999,139157664.78739752,89121,1897.86131800,65144801.32431527,0
2021-01-12 22:00:00,34721.74000000,35051.02000000,33297.82000000,33743.18000000,3949.37391100,1610492399999,134851382.60556787,100050,1822.63714600,62329465.03725843,0
2021-01-12 23:00:00,33751.70000000,34138.84000000,33260.74000000,34051.24000000,6381.93199200,1610495999999,214601532.84028451,126383,3059.09437900,102917130.95067533,0
2021-01-13 00:00:00,34049.15000000,34049.15000000,32380.00000000,32526.50000000,9275.27934900,1610499599999,306711545.32513445,148548,4062.09829300,134315161.76339754,0
2021-01-13 01:00:00,32526.93000000,33450.00000000,32487.11000000,33124.06000000,6231.71754500,1610503199999,205116100.18111848,110099,3245.50759000,106870415.03421619,0
2021-01-13 02:00:00,33125.30000000,33551.55000000,32566.55000000,33035.21000000,5457.27537100,1610506799999,180313046.83527591,97536,2660.94865200,87969611.41297568,0
2021-01-13 03:00:00,33035.21000000,34375.51000000,32981.94000000,33818.50000000,6460.71206000,1610510399999,218830650.55841690,113365,3444.20441300,116647769.52002588,0
2021-01-13 04:00:00,33818.50000000,33910.00000000,33090.90000000,33183.88000000,3956.30306000,1610513999999,132358668.93296781,81338,2044.29727600,68390711.57166143,0
2021-01-13 05:00:00,33183.89000000,33521.96000000,32800.00000000,33321.75000000,3402.31753600,1610517599999,112789336.11601216,74376,1742.74091500,57788989.11279821,0
2021-01-13 06:00:00,33321.76000000,34212.87000000,33212.12000000,33780.68000000,4919.32255800,1610521199999,166187643.75213094,117208,2638.06412400,89138990.87013726,0
2021-01-13 07:00:00,33780.68000000,35180.67000000,33550.00000000,34986.90000000,6468.36582000,1610524799999,223311028.86666966,129033,3682.46407200,127112455.09418704,0
2021-01-13 08:00:00,34986.90000000,35063.59000000,34438.95000000,34519.19000000,5729.47622900,1610528399999,198712825.27925155,99962,2902.05152600,100651428.88811770,0
2021-01-13 09:00:00,34517.44000000,35107.47000000,34200.00000000,34343.62000000,4738.54255100,1610531999999,164370205.87977076,95053,2503.29439500,86897985.27927657,0
2021-01-13 10:00:00,34343.62000000,35066.64000000,34343.61000000,34923.00000000,4760.85293600,1610535599999,165510800.23160082,108046,2591.48805700,90117223.52421103,0
2021-01-13 11:00:00,34922.99000000,35250.00000000,34242.15000000,34385.48000000,5982.91999400,1610539199999,207938425.33048149,112096,2984.81656300,103839195.82840833,0
2021-01-13 12:00:00,34385.48000000,34512.00000000,34017.00000000,34266.52000000,3585.06836000,1610542799999,122779592.03370346,83868,1721.11541800,58947535.15158035,0
2021-01-13 13:00:00,34266.52000000,34787.24000000,34070.00000000,34575.50000000,3664.90875200,1610546399999,126544042.17738252,77740,1857.50048000,64127856.67519648,0
2021-01-13 14:00:00,34575.51000000,35100.00000000,34216.00000000,34260.70000000,5193.52343100,1610549999999,180511640.73806480,101193,2764.63798900,96139650.51317405,0
2021-01-13 15:00:00,34260.70000000,34850.00000000,34200.00000000,34673.90000000,3658.84742300,1610553599999,126337617.72096771,82393,1653.19455400,57111468.36665218,0
2021-01-13 16:00:00,34673.90000000,34930.00000000,34388.53000000,34783.14000000,2872.01120200,1610557199999,99506730.47508033,74086,1492.52540200,51735243.12673614,0
2021-01-13 17:00:00,34784.98000000,35000.00000000,34652.06000000,34821.48000000,2913.41367000,1610560799999,101556217.35535974,74641,1562.72521500,54486870.61688355,0
2021-01-13 18:00:00,34821.47000000,35901.00000000,34720.00000000,35719.36000000,6649.55774600,1610564399999,235681753.55135671,129664,3974.73777700,140771658.26275286,0
2021-01-13 19:00:00,35719.36000000,36188.00000000,35577.55000000,36002.25000000,5312.21893200,1610567999999,190903832.62323042,102457,2853.20823600,102536581.41240300,0
2021-01-13 20:00:00,36002.24000000,36450.01000000,35704.21000000,36222.07000000,5750.01446700,1610571599999,207658780.19389705,118490,3022.63204300,109210392.15708915,0
2021-01-13 21:00:00,36222.07000000,37427.00000000,36110.76000000,37299.49000000,7450.10466700,1610575199999,273979677.45851544,143713,3862.68716900,141965447.48793870,0
2021-01-13 22:00:00,37291.25000000,37850.00000000,36827.02000000,37203.87000000,6042.03307500,1610578799999,225941892.14352165,145104,2879.92450300,107679972.00628686,0
2021-01-13 23:00:00,37204.09000000,37584.73000000,37000.00000000,37371.38000000,4003.12820400,1610582399999,149324552.65971510,94280,1834.17364400,68420077.69580588,0
2021-01-14 00:00:00,37371.38000000,38172.22000000,37362.49000000,37762.76000000,5781.27225700,1610585999999,218752928.62470529,125605,2990.57619500,113155634.76711500,0
2021-01-14 01:00:00,37766.00000000,37786.62000000,37363.00000000,37451.13000000,3460.03872900,1610589599999,129846558.68611705,84578,1731.43001300,64982225.08561570,0
2021-01-14 02:00:00,37451.13000000,37729.62000000,37071.00000000,37439.51000000,4089.94901900,1610593199999,153050647.78838738,83406,2120.29126200,79352023.77541426,0
2021-01-14 03:00:00,37440.92000000,37505.00000000,37000.00000000,37045.13000000,2807.21378600,1610596799999,104630428.04802116,64054,1319.37063400,49197290.74693892,0
2021-01-14 04:00:00,37045.13000000,37513.58000000,36701.23000000,37504.00000000,3609.73947500,1610600399999,134038926.53281073,73363,1770.23586100,65747717.75811828,0
2021-01-14 05:00:00,37503.99000000,37800.00000000,37299.74000000,37529.11000000,3154.22565500,1610603999999,118466413.78490620,62636,1474.51124200,55389761.43659308,0
2021-01-14 06:00:00,37529.11000000,38100.00000000,37440.00000000,37837.21000000,3705.58775500,1610607599999,140121272.27361156,73541,1841.11684300,69653555.86756475,0
2021-01-14 07:00:00,37837.20000000,38596.92000000,37703.09000000,38198.34000000,5294.80219500,1610611199999,202886480.62769958,107847,2818.31905800,108002404.41945095,0
2021-01-14 08:00:00,38199.52000000,38786.10000000,38192.64000000,38370.01000000,3936.80962600,1610614799999,151677554.87020534,96897,2022.19214400,77922384.37908971,0
2021-01-14 09:00:00,38370.01000000,38464.13000000,37862.04000000,37938.11000000,3551.70614100,1610618399999,135677932.49465849,97054,1679.06573300,64158794.71563468,0
2021-01-14 10:00:00,37938.10000000,38490.49000000,37869.10000000,38487.37000000,3151.65894600,1610621999999,120334877.85367399,85937,1605.13964500,61296323.15928239,0
2021-01-14 11:00:00,38488.05000000,38622.60000000,38060.00000000,38365.86000000,3014.52281600,1610625599999,115498616.33443130,86329,1512.26065700,57954319.17474923,0
2021-01-14 12:00:00,38365.86000000,38427.11000000,37707.00000000,38257.96000000,3638.08289000,1610629199999,138468218.58411391,89563,1592.52655200,60638938.46213643,0
2021-01-14 13:00:00,38257.97000000,39000.00000000,38154.22000000,38977.66000000,5153.84186400,1610632799999,199046530.26004405,118766,2859.33666200,110460004.16808241,0
2021-01-14 14:00:00,38977.98000000,39762.70000000,38788.19000000,39577.53000000,9975.28896800,1610636399999,393260886.42277017,179862,4184.23250200,164786587.25686127,0
2021-01-14 15:00:00,39577.53000000,40100.00000000,39294.70000000,39546.01000000,7213.09520000,1610639999999,286463361.38157997,135839,3777.11504600,150098074.26838017,0
2021-01-14 16:00:00,39546.01000000,40000.00000000,39212.15000000,39286.44000000,5390.89406700,1610643599999,213864590.33463079,115830,2560.81063900,101642939.91878299,0
2021-01-14 17:00:00,39286.43000000,39880.00000000,39286.43000000,39429.81000000,3239.68862200,1610647199999,128303822.32233566,79395,1640.29223400,64970027.83975713,0
2021-01-14 18:00:00,39429.25000000,39620.00000000,39258.10000000,39344.79000000,3097.20586700,1610650799999,122149519.36041288,66716,1705.22407800,67269828.70074482,0
2021-01-14 19:00:00,39344.80000000,39919.11000000,39329.93000000,39876.98000000,3010.85527000,1610654399999,119401522.13828646,68361,1724.85875200,68414756.74563145,0
2021-01-14 20:00:00,39876.97000000,39935.10000000,39312.85000000,39312.86000000,2418.31260500,1610657999999,95797316.08700725,59910,1195.95415800,47393130.01671483,0
2021-01-14 21:00:00,39321.64000000,39585.00000000,38259.25000000,38780.47000000,7841.12752300,1610661599999,303612063.22343891,161031,3857.61463900,149326645.90329549,0
2021-01-14 22:00:00,38782.41000000,39135.17000000,38276.00000000,38988.62000000,3319.71530700,1610665199999,128584606.95524369,95798,1817.75951300,70424340.95387201,0
2021-01-14 23:00:00,38988.61000000,39330.92000000,38733.11000000,39144.50000000,3094.75483800,1610668799999,120891563.15599693,85148,1464.23303000,57204883.53017351,0
2021-01-15 00:00:00,39145.21000000,39747.76000000,39023.24000000,39452.89000000,3774.33060800,1610672399999,149015360.55895156,80654,1813.91433200,71628902.11570069,0
2021-01-15 01:00:00,39452.89000000,39640.00000000,39012.12000000,39175.74000000,2907.10256900,1610675999999,114488133.33169310,67692,1465.81359400,57732152.69891964,0
2021-01-15 02:00:00,39175.73000000,39479.65000000,38800.00000000,39267.76000000,2742.79781200,1610679599999,107593579.36330459,68144,1391.22041700,54571404.28794153,0
2021-01-15 03:00:00,39267.76000000,39349.58000000,38450.00000000,38700.00000000,3549.50605300,1610683199999,137776261.03885600,88794,1751.76455000,67996021.76730338,0
2021-01-15 04:00:00,38700.00000000,38853.09000000,38355.00000000,38425.83000000,2792.04410000,1610686799999,107691922.39219169,64920,1284.01221400,49531729.05208940,0
2021-01-15 05:00:00,38425.82000000,38849.99000000,37808.00000000,37808.90000000,3634.09561100,1610690399999,139288945.37497918,79527,1573.36491600,60341434.86561976,0
2021-01-15 06:00:00,37808.90000000,38098.00000000,37554.94000000,38043.27000000,4123.49372400,1610693999999,156128218.16931174,84166,2003.82903100,75876919.06561176,0
2021-01-15 07:00:00,38044.94000000,38483.82000000,37704.80000000,38473.08000000,3768.17724300,1610697599999,144144283.55090610,91002,1778.55687600,68036440.23177903,0
2021-01-15 08:00:00,38473.07000000,38700.00000000,38153.17000000,38280.20000000,3113.97292700,1610701199999,119590741.84337465,83493,1599.63734500,61442495.48300634,0
2021-01-15 09:00:00,38280.20000000,38718.02000000,38016.17000000,38679.36000000,3356.49966500,1610704799999,128916245.16560998,98018,1767.69312400,67911754.92516476,0
2021-01-15 10:00:00,38677.24000000,38780.00000000,38314.20000000,38441.89000000,2224.43167300,1610708399999,85760838.32974271,79176,1080.72769400,41668853.45542037,0
2021-01-15 11:00:00,38441.89000000,38573.84000000,37923.00000000,38108.88000000,3028.51037900,1610711999999,115607110.50743184,74800,1339.04572500,51120391.63829057,0
2021-01-15 12:00:00,38108.87000000,38194.04000000,37200.00000000,37770.63000000,6046.11154300,1610715599999,227455772.13223086,121039,2849.48956500,107207023.74592949,0
2021-01-15 13:00:00,37770.64000000,37888.88000000,37251.11000000,37683.94000000,4557.68570200,1610719199999,171183584.21508546,102938,2314.71682000,86899329.57806010,0
2021-01-15 14:00:00,37683.93000000,37786.74000000,36641.00000000,36939.49000000,6587.75278600,1610722799999,244381841.17567055,134091,3104.66865700,115187209.27424001,0
2021-01-15 15:00:00,36940.11000000,36999.00000000,35258.00000000,35610.72000000,11637.87487200,1610726399999,421633941.40375609,213976,5856.79331600,212284608.84987149,0
2021-01-15 16:00:00,35610.79000000,36400.00000000,34408.00000000,36151.09000000,16406.90733300,1610729999999,582299642.59025403,286255,7784.64484600,276322903.50920047,0
2021-01-15 17:00:00,36149.47000000,36154.75000000,35350.00000000,35947.31000000,7410.88799700,1610733599999,265150289.62610624,129446,3868.83773800,138492449.66717974,0
2021-01-15 18:00:00,35947.31000000,36433.51000000,34812.23000000,35421.55000000,7136.05529900,1610737199999,254109822.19889123,140400,3353.46969300,119635002.34573689,0
2021-01-15 19:00:00,35421.56000000,35928.69000000,35080.05000000,35217.26000000,4051.58872200,1610740799999,144088610.88903680,96389,2125.58060000,75623155.37661455,0
2021-01-15 20:00:00,35218.94000000,35746.24000000,34801.15000000,35605.70000000,5526.41908500,1610744399999,194574672.96517021,129250,2745.10018600,96708743.86237256,0
2021-01-15 21:00:00,35605.70000000,36431.75000000,35554.13000000,36234.05000000,4285.70884300,1610747999999,154450136.60542600,95751,2264.09355000,81652223.93966391,0
2021-01-15 22:00:00,36233.76000000,36888.00000000,35950.63000000,36600.00000000,3398.85578300,1610751599999,124165898.57420053,86901,1504.96071200,54949284.35710958,0
2021-01-15 23:00:00,36600.00000000,36888.00000000,36401.22000000,36742.22000000,2240.11058700,1610755199999,82093046.67945539,63979,1116.09871900,40903378.66703621,0
2021-01-16 00:00:00,36737.43000000,37428.05000000,36724.17000000,37159.51000000,4169.14680200,1610758799999,155099149.94530764,92947,2105.12438500,78296806.17964554,0
2021-01-16 01:00:00,37159.51000000,37669.00000000,36902.38000000,37005.86000000,4102.25927500,1610762399999,152987555.23908431,86508,2132.30229300,79520839.77875500,0
2021-01-16 02:00:00,37003.76000000,37227.16000000,36000.00000000,36224.51000000,4298.86633900,1610765999999,157512107.31706416,91436,2079.76311600,76218717.77990697,0
2021-01-16 03:00:00,36224.51000000,36738.43000000,35852.93000000,36532.92000000,3426.00050300,1610769599999,124459038.14279918,72075,1759.16558900,63946717.95769295,0
2021-01-16 04:00:00,36532.92000000,36700.00000000,36127.16000000,36574.54000000,2089.28208500,1610773199999,76042648.71232054,51540,1015.36945000,36958454.75759945,0
2021-01-16 05:00:00,36575.37000000,36646.43000000,35520.00000000,35854.37000000,4007.38958500,1610776799999,143871289.02981140,81056,1591.05363700,57154848.42616431,0
2021-01-16 06:00:00,35854.37000000,36377.54000000,35823.80000000,36112.42000000,3043.31762400,1610780399999,109946261.51207760,66774,1574.06351500,56865537.86022015,0
2021-01-16 07:00:00,36110.57000000,36959.61000000,36076.50000000,36574.86000000,3648.98805300,1610783999999,133766788.43464680,83125,1879.86506800,68904117.01046308,0
2021-01-16 08:00:00,36565.74000000,37500.00000000,36375.88000000,37464.30000000,4175.61823900,1610787599999,154678945.75854647,97079,2339.74381000,86717137.69031956,0
2021-01-16 09:00:00,37462.57000000,37666.66000000,37200.00000000,37448.77000000,3311.73910400,1610791199999,123784828.41268273,79132,1713.31390300,64050800.71606176,0
2021-01-16 10:00:00,37448.78000000,37950.00000000,37300.00000000,37410.66000000,4139.97880700,1610794799999,155846935.36351839,96097,1954.08802200,73580342.23717523,0
2021-01-16 11:00:00,37410.67000000,37838.23000000,37179.41000000,37680.00000000,2918.80035000,1610798399999,109448933.45229068,98264,1554.10738400,58282228.87935096,0
2021-01-16 12:00:00,37680.00000000,37886.00000000,36712.00000000,37357.15000000,4677.64126900,1610801999999,174585140.14249301,104964,2235.80570100,83495700.38012370,0
2021-01-16 13:00:00,37357.15000000,37681.99000000,37058.76000000,37143.51000000,3239.40068800,1610805599999,121224096.96841568,85259,1607.28483500,60162129.37671651,0
2021-01-16 14:00:00,37148.15000000,37356.26000000,36671.20000000,37232.19000000,3525.25555700,1610809199999,130637025.55110464,90082,1698.17492600,62944541.75797344,0
2021-01-16 15:00:00,37232.19000000,37680.00000000,36983.05000000,37461.99000000,3462.80146500,1610812799999,129390956.24186780,102346,1880.20838500,70287335.60187390,0
2021-01-16 16:00:00,37463.46000000,37713.94000000,36921.00000000,37231.41000000,3881.93071000,1610816399999,144688348.29183051,109582,1909.52655000,71195606.41501134,0
2021-01-16 17:00:00,37231.42000000,37299.99000000,36800.00000000,36860.97000000,2512.10090800,1610819999999,92955189.33630733,70046,1212.63659400,44877028.64481656,0
2021-01-16 18:00:00,36859.24000000,37165.90000000,36400.00000000,36484.95000000,2411.27980900,1610823599999,88899219.78650335,69608,1127.24738100,41590115.37101633,0
2021-01-16 19:00:00,36484.95000000,36621.30000000,36200.00000000,36481.57000000,2936.57520900,1610827199999,107036540.92863689,62159,1658.25100000,60462066.41755149,0
